match_attendance,match_home_team_Brisbane Lions,match_home_team_Carlton,match_home_team_Collingwood,match_home_team_Essendon,match_home_team_Geelong,match_home_team_Gold Coast,match_home_team_Hawthorn,match_home_team_Port Adelaide,match_home_team_Richmond,match_home_team_Sydney,match_home_team_West Coast,Capacity,n_games,playoff,start_time_Other Night,start_time_Sunday Afternoon,start_time_Sunday Night,season_Winter,match_weather_type_Overcast,match_weather_type_Storm,match_weather_type_Sunny,match_weather_type_Windy
72.01,0,0,0,0,0,0,0,0,1,0,0,100.024,1,0,1,0,0,0,0,0,0,0
57.772,0,0,0,0,1,0,0,0,0,0,0,100.024,1,0,1,0,0,0,0,0,1,0
31.33,0,0,0,0,0,0,0,0,0,1,0,83.5,3,0,1,0,0,0,0,0,0,0
29.201,1,0,0,0,0,0,0,0,0,0,0,41.974,3,0,1,0,0,0,0,0,0,0
21.205,0,0,0,0,0,0,0,1,0,0,0,45,3,0,0,1,0,0,0,1,0,0
36.78,1,0,0,0,0,0,0,0,0,0,0,41.974,1,0,1,0,0,1,0,0,0,0
50.421,0,0,1,0,0,0,0,0,0,0,0,100.024,3,0,0,0,0,1,0,1,0,0
37.01,0,0,0,0,0,0,0,0,0,0,1,43.5,3,0,1,0,0,1,1,0,0,0
36.041,0,0,0,0,0,0,0,0,0,0,0,45,3,0,0,1,0,1,0,0,1,0
29.651,0,0,0,1,0,0,0,0,0,0,0,56.347,3,0,0,1,0,1,0,0,1,0
27.358,0,0,0,0,0,0,0,0,1,0,0,100.024,3,0,0,0,1,1,0,0,1,0
68.628,0,0,0,0,0,0,1,0,0,0,0,100.024,1,0,0,0,0,1,0,0,1,0
23.306,0,0,0,0,0,0,0,1,0,0,0,45,4,0,0,0,0,1,0,1,0,0
71.006,0,1,0,0,0,0,0,0,0,0,0,100.024,4,0,1,0,0,1,0,0,1,0
28.414,0,0,0,0,0,0,0,0,0,1,0,48,4,0,1,0,0,1,0,0,1,0
38.676,0,0,0,0,0,0,0,0,0,0,1,43.5,1,0,1,0,0,1,0,0,0,0
38.321,0,0,0,0,0,0,0,0,0,0,0,45,4,0,0,0,0,1,1,0,0,0
67.668,0,0,1,0,0,0,0,0,0,0,0,100.024,4,0,1,0,0,1,0,0,0,0
33.323,1,0,0,0,0,0,0,0,0,0,0,41.974,4,0,1,0,0,1,0,0,0,0
42.594,0,0,0,0,0,0,0,0,1,0,0,100.024,3,0,0,1,0,1,1,0,0,0
25.539,0,0,0,0,1,0,0,0,0,0,0,36,3,0,0,1,0,1,0,0,1,0
28.422,0,0,0,0,0,0,0,0,0,1,0,48,3,0,0,0,0,1,1,0,0,0
23.355,0,0,0,0,0,0,0,1,0,0,0,45,3,0,1,0,0,1,0,0,1,0
90.07,0,0,1,0,0,0,0,0,0,0,0,100.024,3,0,0,1,0,1,0,1,0,0
16.301,0,0,0,0,0,0,1,0,0,0,0,19,3,0,0,0,1,1,1,0,0,0
71.399,0,1,0,0,0,0,0,0,0,0,0,100.024,1,0,0,0,0,1,0,0,0,1
40.371,0,0,0,0,0,0,0,0,0,0,0,45,4,0,0,0,0,1,0,0,1,0
61.006,0,0,0,1,0,0,0,0,0,0,0,100.024,4,0,1,0,0,1,0,0,0,0
30.975,0,0,0,0,0,0,0,0,0,1,0,48,4,0,1,0,0,1,0,0,0,0
24.106,0,0,0,0,1,0,0,0,0,0,0,36,3,0,0,1,0,1,1,0,0,0
80.645,0,1,0,0,0,0,0,0,0,0,0,100.024,3,0,0,1,0,1,1,0,0,0
40.886,0,0,0,0,0,0,0,0,0,0,1,43.5,3,0,0,1,0,1,0,0,1,0
29.248,0,0,0,1,0,0,0,0,0,0,0,56.347,4,0,0,0,0,1,1,0,0,0
35.864,0,0,0,0,0,0,0,0,0,0,1,43.5,4,0,0,0,0,1,0,0,1,0
52.696,0,0,1,0,0,0,0,0,0,0,0,100.024,4,0,1,0,0,1,0,0,1,0
27.739,1,0,0,0,0,0,0,0,0,0,0,41.974,4,0,1,0,0,1,0,0,0,0
25.97,0,0,0,0,1,0,0,0,0,0,0,36,2,0,0,1,0,1,1,0,0,0
31.196,0,0,0,0,0,0,0,0,0,0,0,45,2,0,0,0,1,1,1,0,0,0
33.629,1,0,0,0,0,0,0,0,0,0,0,41.974,4,0,1,0,0,1,0,0,0,0
41.563,0,0,0,0,0,0,0,0,1,0,0,100.024,3,0,0,1,0,1,0,0,1,0
30.228,0,0,0,0,0,0,0,1,0,0,0,45,3,0,0,1,0,1,0,1,0,0
88.115,0,0,1,0,0,0,0,0,0,0,0,100.024,1,0,1,0,0,1,0,0,0,0
24.819,0,0,0,0,0,0,0,0,0,1,0,48,4,0,0,0,0,1,1,0,0,0
64.709,0,0,0,1,0,0,0,0,0,0,0,100.024,4,0,1,0,0,1,0,0,0,0
31.517,0,0,0,0,0,0,0,0,0,0,0,45,3,0,0,1,0,1,0,0,1,0
47.484,0,1,0,0,0,0,0,0,0,0,0,56.347,3,0,0,1,0,1,1,0,0,0
36.244,0,0,0,0,0,0,0,0,0,0,1,43.5,3,0,0,1,0,1,1,0,0,0
45.742,0,0,0,1,0,0,0,0,0,0,0,56.347,1,0,1,0,0,1,0,0,1,0
24.525,0,0,0,0,1,0,0,0,0,0,0,36,4,0,0,0,0,1,0,1,0,0
16.694,0,0,0,0,0,0,0,1,0,0,0,45,4,0,0,0,0,1,0,0,0,1
34.512,1,0,0,0,0,0,0,0,0,0,0,41.974,4,0,1,0,0,1,0,0,0,0
36.003,0,0,0,0,0,0,1,0,0,0,0,100.024,3,0,0,1,0,1,1,0,0,0
29.175,0,1,0,0,0,0,0,0,0,0,0,56.347,3,0,0,1,0,1,1,0,0,0
32.858,0,0,0,0,0,0,0,0,1,0,0,56.347,1,0,1,0,0,1,0,0,1,0
49.745,0,1,0,0,0,0,0,0,0,0,0,100.024,4,0,0,0,0,1,1,0,0,0
35.605,0,0,0,0,0,0,0,0,0,0,0,45,4,0,0,0,0,1,0,1,0,0
33.784,0,0,0,0,0,0,0,0,0,0,1,43.5,4,0,1,0,0,1,1,0,0,0
29.329,0,0,0,0,0,0,0,0,0,1,0,48,3,0,0,1,0,1,0,1,0,0
21.287,0,0,0,0,0,0,1,0,0,0,0,100.024,3,0,0,1,0,1,0,1,0,0
40.813,0,0,1,0,0,0,0,0,0,0,0,56.347,3,0,0,0,1,1,0,1,0,0
16.167,0,0,0,0,0,0,1,0,0,0,0,19,3,0,0,0,0,1,0,0,0,0
46.358,0,0,0,1,0,0,0,0,0,0,0,56.347,3,0,1,0,0,1,0,0,1,0
20.106,0,0,0,0,0,0,0,1,0,0,0,45,3,0,1,0,0,1,0,0,1,0
30.87,0,0,0,0,0,0,0,0,1,0,0,100.024,3,0,0,1,0,1,1,0,0,0
54.148,0,0,0,0,0,0,1,0,0,0,0,100.024,1,0,1,0,0,1,0,0,1,0
28.869,0,1,0,0,0,0,0,0,0,0,0,56.347,2,0,1,0,0,1,0,0,1,0
28.415,1,0,0,0,0,0,0,0,0,0,0,41.974,2,0,1,0,0,1,0,0,1,0
34.28,0,0,0,0,0,0,0,0,0,0,1,43.5,2,0,0,1,0,1,0,0,1,0
43.585,0,0,0,0,0,0,0,0,0,1,0,83.5,1,0,1,0,0,1,0,0,1,0
34.422,0,0,0,0,0,0,0,0,0,0,0,45,1,0,0,1,0,1,0,0,1,0
35.623,0,1,0,0,0,0,0,0,0,0,0,56.347,1,0,1,0,0,1,0,0,1,0
47.454,0,0,0,0,0,0,1,0,0,0,0,100.024,1,0,1,0,0,1,0,0,1,0
38.781,0,0,1,0,0,0,0,0,0,0,0,56.347,3,0,1,0,0,1,0,0,1,0
37.296,0,0,0,0,0,0,0,0,0,0,0,45,3,0,1,0,0,1,0,0,1,0
25.159,0,0,0,0,1,0,0,0,0,0,0,36,3,0,0,1,0,1,1,0,0,0
39.386,0,0,0,0,0,0,0,0,1,0,0,100.024,3,0,0,1,0,1,1,0,0,0
24.26,0,0,0,0,0,0,0,1,0,0,0,45,1,0,1,0,0,1,0,0,1,0
69.22,0,0,0,0,1,0,0,0,0,0,0,100.024,4,0,0,0,0,1,1,0,0,0
26.976,0,0,0,0,0,0,0,0,0,0,1,43.5,4,0,0,0,0,1,0,1,0,0
25.707,0,0,0,0,0,0,0,0,1,0,0,56.347,4,0,1,0,0,1,0,0,1,0
29.329,1,0,0,0,0,0,0,0,0,0,0,41.974,4,0,1,0,0,1,0,0,1,0
23.856,0,0,0,0,0,0,0,0,0,1,0,48,3,0,0,1,0,1,0,1,0,0
37.517,0,1,0,0,0,0,0,0,0,0,0,56.347,3,0,0,0,1,1,1,0,0,0
41.195,0,0,0,0,0,0,0,0,0,0,0,45,1,0,1,0,0,1,0,0,0,0
81.386,0,0,1,0,0,0,0,0,0,0,0,100.024,4,0,0,0,0,1,0,0,1,0
16.69,0,0,0,0,0,0,1,0,0,0,0,19,4,0,0,0,0,1,1,0,0,0
26.991,0,0,0,1,0,0,0,0,0,0,0,56.347,4,0,1,0,0,1,0,0,1,0
31.915,0,1,0,0,0,0,0,0,0,0,0,56.347,3,0,0,1,0,1,1,0,0,0
42.723,0,0,0,0,0,0,0,0,1,0,0,100.024,3,0,0,1,0,1,0,1,0,0
66.727,0,0,1,0,0,0,0,0,0,0,0,100.024,4,0,0,0,0,1,0,1,0,0
24.508,0,0,0,0,1,0,0,0,0,0,0,36,4,0,0,0,0,1,0,1,0,0
35.925,0,0,0,0,0,0,0,0,0,0,1,43.5,4,0,1,0,0,1,0,0,1,0
36.788,0,0,0,0,0,0,0,1,0,0,0,45,3,0,0,0,1,1,1,0,0,0
37.165,0,0,0,1,0,0,0,0,0,0,0,56.347,1,0,1,0,0,1,0,0,1,0
76.98,0,0,1,0,0,0,0,0,0,0,0,100.024,4,0,0,0,0,1,1,0,0,0
22.34,0,0,0,0,0,0,0,1,0,0,0,45,4,0,0,0,0,1,0,0,0,1
30.71,0,0,0,0,0,0,0,0,0,1,0,83.5,4,0,1,0,0,1,0,0,0,0
26.144,1,0,0,0,0,0,0,0,0,0,0,41.974,4,0,1,0,0,1,0,0,0,0
19.226,0,0,0,0,0,0,0,0,1,0,0,100.024,3,0,0,1,0,1,0,0,1,0
57.095,0,0,0,1,0,0,0,0,0,0,0,100.024,1,0,1,0,0,1,0,0,1,0
29.431,0,0,0,0,0,0,0,0,0,1,0,48,4,0,0,0,0,1,0,0,1,0
84.401,0,0,0,0,1,0,0,0,0,0,0,100.024,4,0,1,0,0,1,0,0,1,0
32.587,0,0,0,0,0,0,0,0,0,0,1,43.5,4,0,1,0,0,1,0,0,1,0
29.321,0,0,0,0,0,0,0,0,0,0,0,45,3,0,0,0,1,1,0,1,0,0
59.277,0,0,0,1,0,0,0,0,0,0,0,100.024,1,0,1,0,0,1,0,0,0,0
44.716,0,1,0,0,0,0,0,0,0,0,0,100.024,4,0,0,0,0,1,0,1,0,0
14.113,0,0,0,0,0,0,0,1,0,0,0,45,4,0,1,0,0,1,0,0,0,0
25.403,1,0,0,0,0,0,0,0,0,0,0,41.974,3,0,0,1,0,1,0,0,1,0
48.211,0,0,0,0,0,0,1,0,0,0,0,100.024,3,0,0,1,0,1,1,0,0,0
45.172,0,0,0,0,1,0,0,0,0,0,0,56.347,1,0,1,0,0,1,0,0,1,0
15.532,0,0,0,0,0,0,1,0,0,0,0,19,4,0,0,0,0,1,0,0,1,0
42.159,0,0,1,0,0,0,0,0,0,0,0,100.024,4,0,1,0,0,1,0,0,1,0
36.554,0,0,0,0,0,0,0,0,0,1,0,48,4,0,1,0,0,1,0,0,0,0
21.086,0,0,0,0,0,0,0,1,0,0,0,45,3,0,0,1,0,1,0,0,1,0
28.785,0,0,0,1,0,0,0,0,0,0,0,56.347,3,0,0,1,0,1,0,0,1,0
32.007,0,0,0,0,0,0,0,0,0,0,1,43.5,3,0,0,1,0,1,0,0,1,0
24.099,0,0,0,0,1,0,0,0,0,0,0,36,5,0,0,0,0,1,1,0,0,0
76.218,0,0,0,0,0,0,1,0,0,0,0,100.024,5,0,0,0,0,1,1,0,0,0
38.121,0,0,0,0,0,0,0,0,0,0,0,45,5,0,0,0,0,1,0,0,1,0
24.789,1,0,0,0,0,0,0,0,0,0,0,41.974,5,0,1,0,0,1,0,0,0,0
37.674,0,0,0,0,0,0,0,0,1,0,0,56.347,2,0,0,1,0,1,1,0,0,0
63.608,0,0,0,0,1,0,0,0,0,0,0,100.024,1,1,1,0,0,1,0,0,1,0
66.545,0,0,1,0,0,0,0,0,0,0,0,100.024,2,1,1,0,0,1,0,0,1,0
41.596,0,0,0,0,0,0,0,0,0,1,0,83.5,1,1,0,1,0,1,0,0,1,0
45.056,0,0,0,0,1,0,0,0,0,0,0,100.024,1,1,1,0,0,1,0,0,1,0
95.241,0,0,1,0,0,0,0,0,0,0,0,100.024,1,1,1,0,0,1,0,0,1,0
100.016,0,0,1,0,0,0,0,0,0,0,0,100.024,1,1,0,0,0,1,1,0,0,0
93.853,0,0,1,0,0,0,0,0,0,0,0,100.024,1,1,0,0,0,0,0,0,1,0
60.654,0,1,0,0,0,0,0,0,0,0,0,100.024,1,0,1,0,0,0,0,0,0,0
42.869,0,0,0,0,1,0,0,0,0,0,0,100.024,1,0,1,0,0,0,0,0,1,0
35.773,0,0,1,0,0,0,0,0,0,0,0,56.347,3,0,0,0,0,0,1,0,0,0
42.536,0,0,0,0,0,0,0,0,0,0,0,45,3,0,1,0,0,0,0,0,0,0
23.373,1,0,0,0,0,0,0,0,0,0,0,41.974,3,0,1,0,0,0,0,0,1,0
42.617,0,0,0,1,0,0,0,0,0,0,0,56.347,3,0,0,1,0,0,1,0,0,0
35.878,0,0,0,0,0,0,0,0,0,0,1,43.5,3,0,0,0,1,0,0,0,1,0
23.214,0,0,0,0,0,0,0,1,0,0,0,45,4,0,0,0,0,1,0,0,1,0
27.914,0,0,0,0,0,1,0,0,0,0,0,41.974,4,0,1,0,0,1,0,0,1,0
28.082,0,0,0,0,0,0,0,0,0,1,0,83.5,3,0,0,1,0,1,0,0,1,0
49.905,0,0,0,0,0,0,1,0,0,0,0,100.024,3,0,0,0,1,1,1,0,0,0
88.181,0,0,1,0,0,0,0,0,0,0,0,100.024,1,0,1,0,0,1,0,0,0,0
33.414,0,0,0,0,0,0,0,0,0,0,0,45,4,0,0,0,0,1,0,1,0,0
46.368,0,0,0,0,0,0,0,0,1,0,0,100.024,4,0,1,0,0,1,0,0,1,0
37.288,0,0,0,0,0,0,0,0,0,0,1,43.5,4,0,1,0,0,1,0,0,1,0
22.42,0,0,0,0,1,0,0,0,0,0,0,36,3,0,0,1,0,1,1,0,0,0
58.05,0,0,0,0,0,0,0,0,1,0,0,100.024,1,0,1,0,0,1,0,0,0,0
78.065,0,1,0,0,0,0,0,0,0,0,0,100.024,4,0,0,0,0,1,0,0,1,0
15.063,0,0,0,0,0,0,1,0,0,0,0,19,4,0,0,0,0,1,0,0,1,0
25.3,0,0,0,0,0,0,0,0,0,1,0,48,4,0,1,0,0,1,0,0,1,0
33.143,0,0,0,0,0,0,0,1,0,0,0,45,4,0,1,0,0,1,0,0,0,0
12.111,0,0,0,0,0,1,0,0,0,0,0,41.974,2,0,0,1,0,1,0,0,1,0
22.543,1,0,0,0,0,0,0,0,0,0,0,41.974,1,0,1,0,0,1,0,0,0,0
21.287,0,0,0,0,0,0,0,1,0,0,0,45,2,0,0,0,0,1,0,0,1,0
37.607,0,1,0,0,0,0,0,0,0,0,0,56.347,2,0,1,0,0,1,0,0,1,0
89.626,0,0,0,1,0,0,0,0,0,0,0,100.024,2,0,0,0,0,1,0,0,1,0
78.579,0,0,0,0,0,0,1,0,0,0,0,100.024,1,0,0,0,0,1,0,0,1,0
36.298,0,0,0,0,0,0,0,0,0,0,1,43.5,1,0,1,0,0,1,0,0,0,0
28.081,0,0,0,0,0,0,0,0,0,1,0,48,1,0,1,0,0,1,0,0,0,0
37.438,0,0,0,0,0,0,0,0,1,0,0,100.024,3,0,1,0,0,1,0,0,1,0
33.854,0,0,0,0,0,0,0,0,0,0,0,45,3,0,1,0,0,1,0,0,1,0
33.71,0,0,0,1,0,0,0,0,0,0,0,56.347,2,0,0,1,0,1,0,0,1,0
53.776,0,0,1,0,0,0,0,0,0,0,0,100.024,2,0,0,0,1,1,1,0,0,0
21.819,0,0,0,0,0,0,0,1,0,0,0,45,1,0,1,0,0,1,0,0,1,0
23.669,0,0,0,0,1,0,0,0,0,0,0,36,4,0,0,0,0,1,1,0,0,0
34.09,0,0,0,0,0,0,0,0,1,0,0,100.024,4,0,1,0,0,1,1,0,0,0
25.501,0,0,0,0,0,1,0,0,0,0,0,41.974,4,0,1,0,0,1,0,0,0,0
33.631,0,0,0,1,0,0,0,0,0,0,0,56.347,2,0,0,1,0,1,1,0,0,0
81.691,0,0,0,0,1,0,0,0,0,0,0,100.024,1,0,1,0,0,1,0,0,0,0
36.056,0,0,0,0,0,0,0,0,0,0,0,45,4,0,0,0,0,1,1,0,0,0
24.921,1,0,0,0,0,0,0,0,0,0,0,41.974,4,0,1,0,0,1,0,0,0,0
20.719,0,0,0,0,0,0,0,0,0,1,0,48,4,0,1,0,0,1,0,0,0,0
42.453,0,0,0,0,0,0,1,0,0,0,0,100.024,3,0,0,1,0,1,1,0,0,0
40.567,0,0,0,0,0,0,0,0,0,0,1,43.5,3,0,0,1,0,1,0,0,1,0
48.429,0,1,0,0,0,0,0,0,0,0,0,56.347,1,0,1,0,0,1,0,0,0,0
16.274,0,0,0,0,0,0,0,1,0,0,0,45,4,0,0,0,0,1,1,0,0,0
83.563,0,0,0,0,0,0,0,0,1,0,0,100.024,4,0,1,0,0,1,0,0,1,0
18.404,1,0,0,0,0,0,0,0,0,0,0,41.974,4,0,1,0,0,1,0,0,0,0
38.849,0,0,1,0,0,0,0,0,0,0,0,56.347,3,0,0,1,0,1,0,1,0,0
33.136,0,0,0,0,0,0,0,0,0,1,0,48,3,0,0,1,0,1,1,0,0,0
37.308,0,0,0,0,0,0,0,0,0,0,1,43.5,3,0,0,1,0,1,1,0,0,0
21.485,0,0,0,0,0,1,0,0,0,0,0,22.5,4,0,1,0,0,1,0,0,1,0
11.506,0,0,0,0,0,0,0,0,1,0,0,12.5,4,0,1,0,0,1,0,0,0,0
34.583,0,0,0,0,0,0,0,0,0,0,0,45,3,0,0,1,0,1,1,0,0,0
52.56,0,0,1,0,0,0,0,0,0,0,0,100.024,3,0,0,1,0,1,1,0,0,0
53.077,0,0,0,1,0,0,0,0,0,0,0,100.024,1,0,1,0,0,1,0,0,1,0
25.078,0,0,0,0,1,0,0,0,0,0,0,36,4,0,0,0,0,1,1,0,0,0
36.815,0,0,0,0,0,0,0,0,0,0,1,43.5,4,0,0,0,0,1,0,0,1,0
62.991,0,0,1,0,0,0,0,0,0,0,0,100.024,4,0,1,0,0,1,0,0,0,0
22.15,1,0,0,0,0,0,0,0,0,0,0,41.974,4,0,1,0,0,1,0,0,0,0
31.925,0,0,0,0,0,0,1,0,0,0,0,100.024,3,0,0,1,0,1,0,0,0,1
23.192,0,0,0,0,0,0,0,1,0,0,0,45,3,0,0,0,1,1,0,0,0,1
31.412,0,0,0,0,0,0,0,0,0,0,0,45,3,0,0,0,0,1,0,0,1,0
63.476,0,0,0,0,1,0,0,0,0,0,0,100.024,3,0,1,0,0,1,0,0,1,0
14.945,0,0,0,0,0,1,0,0,0,0,0,22.5,3,0,1,0,0,1,0,0,1,0
43.617,0,1,0,0,0,0,0,0,0,0,0,56.347,3,0,0,1,0,1,0,0,1,0
23.782,0,0,0,0,0,0,0,0,0,1,0,48,3,0,0,1,0,1,1,0,0,0
42.329,0,0,0,1,0,0,0,0,0,0,0,56.347,4,0,0,0,0,1,1,0,0,0
16.377,0,0,0,0,0,0,1,0,0,0,0,19,4,0,0,0,0,1,0,0,1,0
21.51,1,0,0,0,0,0,0,0,0,0,0,41.974,4,0,1,0,0,1,0,0,0,0
42.788,0,1,0,0,0,0,0,0,0,0,0,56.347,3,0,0,1,0,1,1,0,0,0
35.059,0,0,0,0,0,0,0,0,0,0,1,43.5,3,0,0,1,0,1,1,0,0,0
64.537,0,0,0,0,0,0,1,0,0,0,0,100.024,1,0,1,0,0,1,0,0,0,0
16.149,0,0,0,0,0,1,0,0,0,0,0,22.5,4,0,0,0,0,1,0,0,1,0
61.9,0,0,0,0,0,0,0,0,1,0,0,100.024,4,0,0,0,0,1,1,0,0,0
38.053,0,0,0,0,0,0,0,0,0,1,0,83.5,4,0,1,0,0,1,0,0,0,0
23.246,0,0,0,0,1,0,0,0,0,0,0,36,3,0,0,1,0,1,0,0,1,0
38.241,0,1,0,0,0,0,0,0,0,0,0,56.347,3,0,0,1,0,1,0,0,1,0
17.275,0,0,0,0,0,0,0,1,0,0,0,45,3,0,0,0,1,1,0,0,1,0
59.65,0,0,0,0,0,0,0,0,1,0,0,100.024,4,0,0,0,0,1,1,0,0,0
43.806,0,0,0,1,0,0,0,0,0,0,0,56.347,4,0,1,0,0,1,0,0,1,0
23.063,0,0,0,0,0,0,0,0,0,0,0,45,4,0,1,0,0,1,0,0,0,0
17.276,1,0,0,0,0,0,0,0,0,0,0,41.974,3,0,0,1,0,1,0,1,0,0
83.985,0,0,1,0,0,0,0,0,0,0,0,100.024,3,0,0,1,0,1,1,0,0,0
40.164,0,0,0,0,0,0,0,0,0,0,1,43.5,1,0,1,0,0,1,0,0,0,0
14.604,0,0,0,0,0,0,1,0,0,0,0,19,3,0,0,0,0,1,0,1,0,0
55.442,0,0,0,1,0,0,0,0,0,0,0,100.024,3,0,1,0,0,1,0,0,1,0
16.488,0,0,0,0,0,1,0,0,0,0,0,22.5,3,0,1,0,0,1,0,0,0,0
53.601,0,0,1,0,0,0,0,0,0,0,0,100.024,3,0,0,1,0,1,0,1,0,0
16.887,0,0,0,0,0,0,0,1,0,0,0,45,3,0,0,1,0,1,1,0,0,0
38.118,0,0,0,0,0,0,0,0,0,0,0,45,1,0,1,0,0,1,0,0,0,0
85.936,0,1,0,0,0,0,0,0,0,0,0,100.024,4,0,0,0,0,1,1,0,0,0
10.832,0,0,0,0,0,0,0,0,1,0,0,13.5,4,0,0,0,0,1,0,1,0,0
23.415,0,0,0,0,0,0,0,0,0,1,0,48,3,0,0,1,0,1,0,1,0,0
19.906,1,0,0,0,0,0,0,0,0,0,0,41.974,3,0,0,1,0,1,1,0,0,0
19.449,0,0,0,0,0,0,0,0,0,1,0,48,4,0,0,0,0,1,0,1,0,0
74.123,0,0,0,1,0,0,0,0,0,0,0,100.024,4,0,1,0,0,1,0,0,1,0
23.302,0,0,0,0,0,1,0,0,0,0,0,22.5,4,0,1,0,0,1,0,0,0,0
33.761,0,0,0,0,1,0,0,0,0,0,0,56.347,3,0,0,1,0,1,0,1,0,0
22.716,0,0,0,0,1,0,0,0,0,0,0,36,4,0,0,0,0,1,1,0,0,0
17.482,0,0,0,0,0,1,0,0,0,0,0,22.5,4,0,1,0,0,1,0,0,0,0
73.163,0,0,1,0,0,0,0,0,0,0,0,100.024,2,0,0,1,0,1,0,0,1,0
40.586,0,0,0,0,0,0,0,0,0,0,0,45,2,0,0,0,1,1,0,0,1,0
24.588,0,0,0,0,1,0,0,0,0,0,0,36,4,0,0,0,0,1,0,1,0,0
42.342,0,1,0,0,0,0,0,0,0,0,0,100.024,4,0,0,0,0,1,0,1,0,0
38.722,0,0,0,1,0,0,0,0,0,0,0,56.347,4,0,1,0,0,1,0,0,1,0
21.863,0,0,0,0,0,0,0,1,0,0,0,45,4,0,1,0,0,1,0,0,1,0
17.93,1,0,0,0,0,0,0,0,0,0,0,41.974,3,0,0,1,0,1,0,0,1,0
16.82,0,0,0,0,0,0,1,0,0,0,0,19,3,0,0,1,0,1,1,0,0,0
38.106,0,0,0,0,0,0,0,0,0,0,1,43.5,3,0,0,1,0,1,0,0,1,0
27.532,0,0,0,0,0,0,1,0,0,0,0,100.024,4,0,0,0,0,1,1,0,0,0
23.565,1,0,0,0,0,0,0,0,0,0,0,41.974,4,0,1,0,0,1,0,0,1,0
34.337,0,0,0,0,0,0,0,0,1,0,0,100.024,3,0,0,1,0,1,0,1,0,0
33.576,0,0,0,0,0,0,0,0,0,0,0,45,3,0,0,0,1,1,0,1,0,0
52.052,0,1,0,0,0,0,0,0,0,0,0,56.347,1,0,1,0,0,1,0,0,0,0
16.168,0,0,0,0,0,1,0,0,0,0,0,22.5,4,0,0,0,0,1,1,0,0,0
38.253,0,0,0,0,0,0,0,0,0,0,1,43.5,4,0,0,0,0,1,1,0,0,0
47.788,0,0,1,0,0,0,0,0,0,0,0,100.024,4,0,1,0,0,1,0,0,0,0
25.025,0,0,0,0,0,0,0,0,0,1,0,83.5,3,0,0,1,0,1,0,0,1,0
14.169,0,0,0,0,0,0,0,1,0,0,0,45,3,0,0,1,0,1,0,0,1,0
42.198,0,0,0,0,0,0,1,0,0,0,0,100.024,4,0,0,0,0,1,1,0,0,0
25.9,0,0,0,0,1,0,0,0,0,0,0,36,4,0,0,0,0,1,1,0,0,0
13.5,1,0,0,0,0,0,0,0,0,0,0,41.974,4,0,1,0,0,1,0,0,1,0
38.023,0,0,0,0,0,0,0,0,0,0,0,45,3,0,0,1,0,1,1,0,0,0
34.849,0,0,0,1,0,0,0,0,0,0,0,56.347,3,0,0,0,1,1,1,0,0,0
85.705,0,0,1,0,0,0,0,0,0,0,0,100.024,1,0,1,0,0,1,0,0,0,0
19.314,0,0,0,0,0,1,0,0,0,0,0,22.5,5,0,0,0,0,1,1,0,0,0
27.721,0,0,0,0,0,0,0,0,0,1,0,48,5,0,1,0,0,1,1,0,0,0
36.062,0,0,0,0,0,0,0,0,0,0,1,43.5,5,0,1,0,0,1,1,0,0,0
55.606,0,1,0,0,0,0,0,0,0,0,0,100.024,5,0,1,0,0,1,0,0,0,0
29.34,0,0,0,0,0,0,0,1,0,0,0,53.5,2,0,0,1,0,1,0,0,1,0
32.89,0,0,0,0,0,0,0,0,1,0,0,56.347,2,0,0,0,1,1,0,0,1,0
73.601,0,0,0,0,1,0,0,0,0,0,0,100.024,1,1,1,0,0,1,0,0,1,0
67.502,0,0,1,0,0,0,0,0,0,0,0,100.024,2,1,0,0,0,1,0,1,0,0
90.37,0,1,0,0,0,0,0,0,0,0,0,100.024,1,1,0,1,0,1,0,0,0,1
55.198,0,0,0,0,0,0,1,0,0,0,0,100.024,1,1,1,0,0,1,0,0,0,0
42.803,0,0,0,0,0,0,0,0,0,0,1,43.5,1,1,1,0,0,1,1,0,0,0
87.112,0,0,1,0,0,0,0,0,0,0,0,100.024,1,1,1,0,0,1,0,0,0,0
59.455,0,0,0,0,1,0,0,0,0,0,0,100.024,1,1,0,0,0,1,0,1,0,0
99.537,0,0,1,0,0,0,0,0,0,0,0,100.024,1,1,0,0,0,0,0,0,1,0
78.285,0,0,0,0,0,0,0,0,1,0,0,100.024,1,0,1,0,0,0,0,0,0,0
78.466,0,0,0,0,0,0,1,0,0,0,0,100.024,1,0,1,0,0,0,0,0,0,0
12.79,0,0,0,0,0,1,0,0,0,0,0,22.5,4,0,0,0,0,0,1,0,0,0
21.179,0,0,0,0,0,0,0,1,0,0,0,45,2,0,0,0,1,1,1,0,0,0
25.913,1,0,0,0,0,0,0,0,0,0,0,41.974,1,0,1,0,0,1,0,0,0,0
34.118,0,0,0,1,0,0,0,0,0,0,0,56.347,5,0,0,0,0,1,0,0,1,0
22.242,0,0,0,0,0,0,0,0,0,1,0,48,5,0,0,0,0,1,1,0,0,0
35.674,0,0,0,0,0,0,0,0,0,0,1,43.5,5,0,0,0,0,1,0,0,1,0
34.021,0,0,0,0,0,0,0,0,0,0,0,45,5,0,1,0,0,1,0,0,0,0
57.268,0,0,1,0,0,0,0,0,0,0,0,100.024,5,0,1,0,0,1,0,0,0,0
69.231,0,0,0,0,1,0,0,0,0,0,0,100.024,1,0,0,0,0,1,0,0,0,1
84.259,0,1,0,0,0,0,0,0,0,0,0,100.024,1,0,1,0,0,1,0,0,0,0
49.826,0,0,0,0,0,0,0,0,1,0,0,100.024,5,0,0,0,0,1,0,0,1,0
19.032,0,0,0,0,0,0,0,1,0,0,0,45,5,0,0,0,0,1,0,0,1,0
17.069,0,0,0,0,0,1,0,0,0,0,0,22.5,5,0,1,0,0,1,0,0,1,0
33.524,0,0,0,0,0,0,1,0,0,0,0,100.024,3,0,0,1,0,1,0,0,1,0
73.172,0,1,0,0,0,0,0,0,0,0,0,100.024,5,0,0,0,0,1,1,0,0,0
30.741,0,0,1,0,0,0,0,0,0,0,0,56.347,5,0,0,0,0,1,1,0,0,0
28.261,0,0,0,0,0,0,0,0,0,0,0,45,5,0,1,0,0,1,1,0,0,0
40.08,0,0,0,0,0,0,0,0,0,0,1,43.5,5,0,1,0,0,1,1,0,0,0
21.98,1,0,0,0,0,0,0,0,0,0,0,41.974,5,0,1,0,0,1,0,0,1,0
21.952,0,0,0,0,1,0,0,0,0,0,0,36,3,0,0,1,0,1,0,0,0,1
21.049,0,0,0,0,0,0,0,0,0,1,0,48,3,0,0,1,0,1,0,0,1,0
86.932,0,0,1,0,0,0,0,0,0,0,0,100.024,1,0,0,0,0,1,0,1,0,0
15.534,1,0,0,0,0,0,0,0,0,0,0,41.974,4,0,1,0,0,1,0,0,1,0
19.217,0,0,0,0,0,0,1,0,0,0,0,19,3,0,0,1,0,1,1,0,0,0
28.464,0,0,0,0,0,0,0,0,1,0,0,56.347,3,0,0,1,0,1,0,0,1,0
41.649,0,0,0,0,0,0,0,0,0,0,0,45,3,0,0,0,1,1,0,0,1,0
36.361,0,0,0,1,0,0,0,0,0,0,0,56.347,5,0,0,0,0,1,1,0,0,0
18.01,0,0,0,0,1,0,0,0,0,0,0,36,5,0,0,0,0,1,1,0,0,0
11.67,0,0,0,0,0,1,0,0,0,0,0,22.5,5,0,1,0,0,1,1,0,0,0
23.969,0,0,0,0,0,0,0,0,0,1,0,48,5,0,1,0,0,1,0,0,0,0
28.213,0,1,0,0,0,0,0,0,0,0,0,56.347,3,0,0,1,0,1,1,0,0,0
18.522,0,0,0,0,0,0,0,1,0,0,0,45,3,0,0,1,0,1,0,0,0,0
37.202,0,0,0,0,0,0,0,0,0,0,1,43.5,3,0,0,1,0,1,0,0,1,0
35.535,0,0,0,0,0,0,0,0,0,0,0,45,5,0,0,0,0,1,1,0,0,0
40.352,0,0,0,0,0,0,0,0,1,0,0,100.024,5,0,1,0,0,1,1,0,0,0
27.926,1,0,0,0,0,0,0,0,0,0,0,41.974,5,0,1,0,0,1,0,0,0,0
43.26,0,0,0,1,0,0,0,0,0,0,0,56.347,5,0,1,0,0,1,0,0,1,0
75.65,0,0,1,0,0,0,0,0,0,0,0,100.024,1,0,1,0,0,1,0,0,0,0
14.508,0,0,0,0,0,0,0,1,0,0,0,45,5,0,0,0,0,1,1,0,0,0
12.959,0,0,0,0,0,0,1,0,0,0,0,19,5,0,0,0,0,1,1,0,0,0
20.818,0,0,0,0,0,0,0,0,0,1,0,48,5,0,1,0,0,1,0,0,1,0
80.9,0,0,0,1,0,0,0,0,0,0,0,100.024,5,0,1,0,0,1,0,0,0,0
16.049,1,0,0,0,0,0,0,0,0,0,0,41.974,3,0,0,1,0,1,0,0,1,0
35.917,0,1,0,0,0,0,0,0,0,0,0,56.347,3,0,0,1,0,1,0,0,1,0
38.174,0,0,0,0,0,0,0,0,0,0,1,43.5,3,0,0,1,0,1,0,0,1,0
51.617,0,0,0,0,0,0,0,0,1,0,0,100.024,5,0,0,0,0,1,1,0,0,0
12.416,0,0,0,0,0,1,0,0,0,0,0,22.5,5,0,0,0,0,1,0,0,1,0
44.238,0,0,0,0,0,0,0,0,0,0,0,45,5,0,1,0,0,1,0,0,1,0
28.371,0,1,0,0,0,0,0,0,0,0,0,100.024,3,0,0,1,0,1,1,0,0,0
40.905,0,0,0,0,0,0,0,0,0,0,1,43.5,3,0,0,1,0,1,0,0,1,0
17.243,0,0,0,0,1,0,0,0,0,0,0,36,5,0,0,0,0,1,1,0,0,0
16.143,0,0,0,0,0,0,1,0,0,0,0,19,5,0,0,0,0,1,1,0,0,0
24.746,0,0,0,0,0,0,0,1,0,0,0,45,5,0,1,0,0,1,0,0,0,0
42.987,0,0,0,1,0,0,0,0,0,0,0,100.024,5,0,1,0,0,1,0,0,1,0
15.546,1,0,0,0,0,0,0,0,0,0,0,41.974,3,0,0,1,0,1,1,0,0,0
13.505,0,0,0,0,0,0,0,0,0,1,0,48,3,0,0,1,0,1,0,1,0,0
36.913,0,0,1,0,0,0,0,0,0,0,0,100.024,3,0,0,0,1,1,1,0,0,0
47.632,0,1,0,0,0,0,0,0,0,0,0,56.347,1,0,1,0,0,1,0,0,1,0
43.801,0,0,0,0,0,0,0,0,1,0,0,100.024,3,0,0,0,0,1,1,0,0,0
12.534,0,0,0,0,0,1,0,0,0,0,0,22.5,3,0,1,0,0,1,0,1,0,0
42.785,0,0,0,1,0,0,0,0,0,0,0,56.347,3,0,1,0,0,1,0,0,1,0
26.638,0,0,0,0,0,0,0,1,0,0,0,45,1,0,0,0,1,1,0,0,1,0
34.224,0,0,0,0,0,0,0,0,0,0,1,43.5,1,0,1,0,0,1,0,1,0,0
36.394,0,0,0,0,0,0,0,0,0,0,0,45,1,0,1,0,0,1,0,0,1,0
10.17,0,0,0,0,0,1,0,0,0,0,0,22.5,2,0,1,0,0,1,0,0,0,0
35.492,0,0,0,0,0,0,1,0,0,0,0,100.024,2,0,0,1,0,1,1,0,0,0
27.4,0,0,0,0,0,0,0,0,0,1,0,48,1,0,1,0,0,1,0,0,0,0
62.957,0,0,1,0,0,0,0,0,0,0,0,100.024,3,0,1,0,0,1,1,0,0,0
65.047,0,1,0,0,0,0,0,0,0,0,0,100.024,1,0,1,0,0,1,0,0,1,0
44.891,0,0,1,0,0,0,0,0,0,0,0,100.024,5,0,0,0,0,1,1,0,0,0
33.78,0,0,0,0,0,0,0,0,0,0,0,45,5,0,0,0,0,1,1,0,0,0
34.592,0,0,0,0,0,0,0,0,0,0,1,43.5,5,0,0,0,0,1,0,0,1,0
40.824,0,0,0,1,0,0,0,0,0,0,0,56.347,5,0,1,0,0,1,0,0,1,0
22.565,0,0,0,0,0,0,0,0,0,1,0,83.5,5,0,1,0,0,1,0,0,0,0
13.736,0,0,0,0,1,0,0,0,0,0,0,36,3,0,0,1,0,1,0,1,0,0
22.144,1,0,0,0,0,0,0,0,0,0,0,41.974,3,0,0,1,0,1,0,0,1,0
75.89,0,0,1,0,0,0,0,0,0,0,0,100.024,1,0,1,0,0,1,0,0,1,0
19.419,0,0,0,0,0,0,0,0,0,1,0,48,5,0,1,0,0,1,1,0,0,0
34.829,0,0,0,0,0,0,0,1,0,0,0,45,5,0,1,0,0,1,0,0,0,0
26.518,0,0,0,0,0,0,1,0,0,0,0,100.024,3,0,0,1,0,1,0,0,1,0
15.824,0,0,0,0,0,1,0,0,0,0,0,22.5,3,0,0,1,0,1,0,0,1,0
17.344,0,0,0,0,0,0,0,1,0,0,0,45,5,0,0,0,0,1,1,0,0,0
10.961,0,0,0,0,0,0,0,0,1,0,0,13.5,5,0,1,0,0,1,0,0,1,0
61.717,0,0,0,0,1,0,0,0,0,0,0,100.024,5,0,1,0,0,1,0,0,1,0
19.228,1,0,0,0,0,0,0,0,0,0,0,41.974,5,0,1,0,0,1,0,0,0,0
39.152,0,0,0,0,0,0,0,0,0,0,1,43.5,3,0,0,1,0,1,1,0,0,0
50.066,0,0,0,0,1,0,0,0,0,0,0,56.347,1,0,1,0,0,1,0,0,0,0
83.714,0,0,1,0,0,0,0,0,0,0,0,100.024,5,0,0,0,0,1,1,0,0,0
40.724,0,0,0,0,0,0,0,0,0,0,0,45,5,0,0,0,0,1,1,0,0,0
16.55,0,0,0,0,0,1,0,0,0,0,0,22.5,5,0,1,0,0,1,0,0,1,0
26.834,0,0,0,0,0,0,0,0,0,1,0,48,3,0,0,1,0,1,1,0,0,0
47.432,0,0,0,0,0,0,0,0,1,0,0,100.024,3,0,0,1,0,1,1,0,0,0
44.899,0,0,0,1,0,0,0,0,0,0,0,56.347,1,0,1,0,0,1,0,0,1,0
18.377,0,0,0,0,1,0,0,0,0,0,0,36,5,0,0,0,0,1,1,0,0,0
46.013,0,1,0,0,0,0,0,0,0,0,0,100.024,5,0,1,0,0,1,0,0,1,0
11.169,0,0,0,0,0,1,0,0,0,0,0,22.5,5,0,1,0,0,1,0,0,1,0
14.583,0,0,0,0,0,0,0,1,0,0,0,45,3,0,0,1,0,1,1,0,0,0
35.767,0,0,0,0,0,0,0,0,0,0,1,43.5,3,0,0,1,0,1,0,0,1,0
65.287,0,0,0,0,0,0,1,0,0,0,0,100.024,1,0,1,0,0,1,0,0,0,0
57.873,0,0,1,0,0,0,0,0,0,0,0,100.024,5,0,1,0,0,1,0,0,1,0
22.193,1,0,0,0,0,0,0,0,0,0,0,41.974,5,0,1,0,0,1,0,0,0,0
36.942,0,1,0,0,0,0,0,0,0,0,0,56.347,3,0,0,1,0,1,0,0,1,0
40.03,0,0,0,0,0,0,0,0,0,0,0,45,3,0,0,0,1,1,1,0,0,0
37.812,0,0,0,0,0,0,0,0,0,0,1,43.5,1,0,1,0,0,1,0,0,0,0
35.027,0,0,0,0,0,0,0,0,0,0,0,45,5,0,0,0,0,1,1,0,0,0
14.657,0,0,0,0,0,1,0,0,0,0,0,22.5,5,0,1,0,0,1,0,0,1,0
25.977,0,1,0,0,0,0,0,0,0,0,0,56.347,5,0,1,0,0,1,0,0,0,0
45.827,0,0,0,0,0,0,0,0,0,1,0,83.5,5,0,1,0,0,1,0,0,0,0
14.431,0,0,0,0,0,0,1,0,0,0,0,19,3,0,0,1,0,1,0,0,1,0
28.286,0,0,0,0,0,0,0,0,1,0,0,100.024,3,0,0,1,0,1,0,0,1,0
42.674,0,0,0,1,0,0,0,0,0,0,0,56.347,3,0,0,0,1,1,0,0,1,0
38.169,0,0,0,0,1,0,0,0,0,0,0,56.347,1,0,1,0,0,1,0,0,1,0
59.381,0,0,0,1,0,0,0,0,0,0,0,100.024,5,0,0,0,0,1,0,1,0,0
18.979,1,0,0,0,0,0,0,0,0,0,0,41.974,5,0,1,0,0,1,0,0,0,0
44.956,0,0,1,0,0,0,0,0,0,0,0,56.347,5,0,1,0,0,1,0,0,1,0
13.683,0,0,0,0,0,0,0,1,0,0,0,45,3,0,0,1,0,1,1,0,0,0
23.098,0,0,0,0,0,0,1,0,0,0,0,100.024,3,0,0,0,1,1,1,0,0,0
47.59,0,0,0,0,0,0,0,0,1,0,0,100.024,1,0,1,0,0,1,0,0,1,0
13.953,0,0,0,0,0,0,0,1,0,0,0,45,5,0,0,0,0,1,1,0,0,0
31.167,0,0,0,0,0,0,0,0,0,1,0,48,5,0,1,0,0,1,0,0,1,0
15.251,0,0,0,0,0,1,0,0,0,0,0,22.5,5,0,1,0,0,1,0,0,0,0
40.527,0,0,0,0,0,0,0,0,0,0,1,43.5,5,0,1,0,0,1,0,0,1,0
18.047,0,0,0,0,1,0,0,0,0,0,0,36,3,0,0,1,0,1,0,0,1,0
50.023,0,0,0,0,0,0,1,0,0,0,0,100.024,1,0,1,0,0,1,0,0,0,0
20.045,0,0,0,0,1,0,0,0,0,0,0,36,5,0,0,0,0,1,0,0,1,0
35.463,0,0,0,0,0,0,0,0,0,0,0,45,5,0,0,0,0,1,0,0,1,0
56.491,0,0,0,1,0,0,0,0,0,0,0,100.024,5,0,1,0,0,1,0,0,0,0
31.393,0,1,0,0,0,0,0,0,0,0,0,56.347,3,0,0,1,0,1,0,0,1,0
27.893,0,0,0,0,0,0,0,0,1,0,0,100.024,3,0,0,1,0,1,0,0,1,0
18.289,1,0,0,0,0,0,0,0,0,0,0,41.974,3,0,0,0,1,1,0,0,1,0
85.639,0,0,0,0,0,0,1,0,0,0,0,100.024,1,1,1,0,0,1,0,0,1,0
44.849,0,0,0,0,0,0,0,0,0,0,0,45,2,1,0,0,0,1,1,0,0,0
44.46,0,0,0,0,1,0,0,0,0,0,0,100.024,2,1,1,0,0,1,0,0,1,0
41.79,0,0,0,0,0,0,0,0,0,0,1,43.5,1,1,0,1,0,1,0,0,1,0
31.742,0,0,0,0,0,0,0,0,0,0,0,45,1,1,1,0,0,1,0,0,0,0
65.483,0,0,1,0,0,0,0,0,0,0,0,100.024,1,1,1,0,0,1,0,0,0,0
57.156,0,0,0,0,0,0,0,0,0,1,0,83.5,1,1,1,0,0,1,0,0,0,0
69.146,0,0,0,0,0,0,1,0,0,0,0,100.024,1,1,1,0,0,1,0,0,1,0
99.683,0,0,0,0,0,0,1,0,0,0,0,100.024,1,1,0,0,0,1,0,1,0,0
42.218,0,0,0,0,0,0,0,0,0,0,0,45,1,0,1,0,0,0,0,0,0,0
80.971,0,1,0,0,0,0,0,0,0,0,0,100.024,1,0,1,0,0,0,0,0,0,0
13.832,0,0,0,0,0,1,0,0,0,0,0,22.5,3,0,1,0,0,0,0,0,1,0
76.3,0,0,0,0,0,0,1,0,0,0,0,100.024,1,0,0,0,0,1,1,0,0,0
20.372,0,0,0,0,0,0,0,0,0,1,0,48,5,0,0,0,0,1,1,0,0,0
21.308,1,0,0,0,0,0,0,0,0,0,0,41.974,5,0,0,0,0,1,0,1,0,0
51.153,0,0,0,1,0,0,0,0,0,0,0,100.024,5,0,1,0,0,1,0,0,0,0
25.122,0,0,0,0,0,0,0,1,0,0,0,45,5,0,1,0,0,1,0,0,0,0
34.152,0,0,0,0,1,0,0,0,0,0,0,56.347,3,0,0,1,0,1,0,0,1,0
84.247,0,0,1,0,0,0,0,0,0,0,0,100.024,3,0,0,1,0,1,0,0,1,0
38.389,0,0,0,0,0,0,0,0,0,0,1,43.5,3,0,0,1,0,1,0,0,1,0
43.241,0,0,0,0,1,0,0,0,0,0,0,56.347,5,0,1,0,0,1,0,0,1,0
12.961,0,0,0,0,0,1,0,0,0,0,0,22.5,5,0,1,0,0,1,0,0,1,0
44.045,0,0,0,0,0,0,0,0,1,0,0,56.347,3,0,0,1,0,1,1,0,0,0
72.254,0,0,1,0,0,0,0,0,0,0,0,100.024,3,0,0,1,0,1,1,0,0,0
40.707,0,0,0,0,0,0,0,1,0,0,0,45,3,0,0,0,1,1,1,0,0,0
31.06,0,0,0,0,0,0,0,0,0,1,0,48,1,0,1,0,0,1,0,0,0,0
12.619,0,0,0,0,0,0,1,0,0,0,0,19,5,0,0,0,0,1,1,0,0,0
81.95,0,0,0,0,0,0,0,0,1,0,0,100.024,5,0,0,0,0,1,0,0,1,0
38.674,0,0,0,0,0,0,0,0,0,0,1,43.5,5,0,1,0,0,1,0,0,1,0
11.332,0,0,0,0,0,1,0,0,0,0,0,22.5,5,0,1,0,0,1,0,0,0,0
24.684,0,0,0,0,0,0,0,0,0,0,0,45,3,0,0,1,0,1,1,0,0,0
93.373,0,0,0,1,0,0,0,0,0,0,0,100.024,2,0,0,0,0,1,0,0,1,0
44.711,0,1,0,0,0,0,0,0,0,0,0,100.024,4,0,1,0,0,1,1,0,0,0
26.132,0,0,0,0,0,0,0,1,0,0,0,45,4,0,1,0,0,1,0,0,1,0
19.018,1,0,0,0,0,0,0,0,0,0,0,41.974,2,0,0,1,0,1,0,0,1,0
42.103,0,0,0,0,0,0,1,0,0,0,0,100.024,2,0,0,0,1,1,1,0,0,0
40.071,0,0,1,0,0,0,0,0,0,0,0,56.347,1,0,1,0,0,1,0,0,0,0
30.143,0,0,0,1,0,0,0,0,0,0,0,56.347,5,0,0,0,0,1,1,0,0,0
37.324,0,0,0,0,0,0,0,0,0,0,0,45,5,0,1,0,0,1,1,0,0,0
10.552,0,0,0,0,0,1,0,0,0,0,0,22.5,5,0,1,0,0,1,0,0,0,0
55.625,0,0,0,0,0,0,0,0,1,0,0,100.024,5,0,1,0,0,1,0,0,1,0
23.315,0,0,0,0,0,0,0,0,0,1,0,48,3,0,0,1,0,1,1,0,0,0
35.286,0,1,0,0,0,0,0,0,0,0,0,100.024,3,0,0,1,0,1,0,0,1,0
36.163,0,0,0,0,0,0,0,0,0,0,1,43.5,3,0,0,1,0,1,1,0,0,0
53.014,0,0,0,0,1,0,0,0,0,0,0,56.347,1,0,1,0,0,1,0,0,0,0
25.372,0,0,0,0,0,0,0,1,0,0,0,45,5,0,0,0,0,1,0,0,1,0
17.614,1,0,0,0,0,0,0,0,0,0,0,41.974,5,0,0,0,0,1,0,1,0,0
54.725,0,0,0,0,0,0,1,0,0,0,0,100.024,5,0,1,0,0,1,0,0,0,0
38.146,0,0,0,0,0,0,0,0,0,0,1,43.5,1,0,1,0,0,1,0,0,0,0
33.915,0,0,0,1,0,0,0,0,0,0,0,56.347,5,0,0,0,0,1,1,0,0,0
10.513,0,0,0,0,0,0,1,0,0,0,0,19,5,0,0,0,0,1,0,0,1,0
13.52,0,0,0,0,0,1,0,0,0,0,0,22.5,5,0,1,0,0,1,0,0,1,0
66.768,0,0,1,0,0,0,0,0,0,0,0,100.024,5,0,1,0,0,1,0,0,1,0
22.546,0,0,0,0,0,0,0,0,0,1,0,48,5,0,1,0,0,1,0,0,1,0
29.936,0,1,0,0,0,0,0,0,0,0,0,56.347,3,0,0,1,0,1,1,0,0,0
39.148,0,0,0,0,0,0,0,0,1,0,0,100.024,3,0,0,1,0,1,1,0,0,0
34.605,0,0,0,0,0,0,0,0,0,0,0,45,3,0,0,0,1,1,0,0,1,0
65.306,0,0,1,0,0,0,0,0,0,0,0,100.024,1,0,1,0,0,1,0,0,0,0
21.309,0,0,0,0,0,0,0,1,0,0,0,45,5,0,0,0,0,1,1,0,0,0
24.037,1,0,0,0,0,0,0,0,0,0,0,41.974,5,0,1,0,0,1,0,0,1,0
84.234,0,0,0,0,0,0,0,0,1,0,0,100.024,5,0,1,0,0,1,0,0,0,0
28.112,0,0,0,0,0,0,1,0,0,0,0,100.024,3,0,0,1,0,1,1,0,0,0
26.626,1,0,0,0,0,0,0,0,0,0,0,41.974,1,0,1,0,0,1,0,0,1,0
25.008,0,1,0,0,0,0,0,0,0,0,0,56.347,5,0,0,0,0,1,1,0,0,0
27.684,0,0,0,0,0,0,0,0,0,0,0,45,5,0,0,0,0,1,1,0,0,0
29.792,0,0,0,0,0,0,0,0,0,1,0,48,5,0,1,0,0,1,1,0,0,0
30.087,0,0,0,0,1,0,0,0,0,0,0,36,5,0,1,0,0,1,0,0,1,0
37.781,0,0,0,0,0,0,0,0,0,0,1,43.5,1,0,1,0,0,1,0,0,1,0
82.639,0,0,0,1,0,0,0,0,0,0,0,100.024,1,0,1,0,0,1,0,0,1,0
38.374,0,0,0,0,0,0,0,0,0,0,0,45,3,0,1,0,0,1,1,0,0,0
10.891,0,0,0,0,0,1,0,0,0,0,0,22.5,3,0,1,0,0,1,0,0,1,0
45.67,0,1,0,0,0,0,0,0,0,0,0,56.347,1,0,1,0,0,1,0,0,1,0
43.615,0,0,0,0,0,0,0,0,1,0,0,100.024,3,0,0,0,0,1,1,0,0,0
31.452,0,0,0,1,0,0,0,0,0,0,0,56.347,3,0,1,0,0,1,0,0,1,0
32.253,0,0,1,0,0,0,0,0,0,0,0,56.347,2,0,0,0,1,1,1,0,0,0
32.567,0,0,0,0,0,0,1,0,0,0,0,56.347,1,0,1,0,0,1,0,0,0,0
16.096,0,0,0,0,0,0,0,1,0,0,0,45,3,0,0,0,0,1,0,0,1,0
24.164,1,0,0,0,0,0,0,0,0,0,0,41.974,2,0,0,0,1,1,1,0,0,0
36.451,0,0,0,0,0,0,0,0,0,0,1,43.5,1,0,1,0,0,1,1,0,0,0
25.349,0,0,0,0,0,0,0,0,0,1,0,48,1,0,1,0,0,1,0,0,1,0
13.791,0,0,0,0,0,1,0,0,0,0,0,22.5,4,0,0,0,0,1,1,0,0,0
31.121,0,0,0,0,0,0,0,1,0,0,0,45,4,0,1,0,0,1,0,0,1,0
26.743,0,0,0,0,1,0,0,0,0,0,0,36,4,0,1,0,0,1,0,0,1,0
15.796,0,0,0,0,0,0,1,0,0,0,0,19,3,0,0,1,0,1,1,0,0,0
52.184,0,0,0,0,0,0,0,0,1,0,0,100.024,3,0,0,0,1,1,0,0,1,0
78.224,0,1,0,0,0,0,0,0,0,0,0,100.024,1,0,1,0,0,1,0,0,0,0
27.17,1,0,0,0,0,0,0,0,0,0,0,41.974,5,0,1,0,0,1,1,0,0,0
26.426,0,0,0,0,0,0,0,0,0,0,0,45,5,0,1,0,0,1,0,0,0,0
85.197,0,0,0,0,1,0,0,0,0,0,0,100.024,5,0,1,0,0,1,0,0,1,0
40.817,0,0,0,1,0,0,0,0,0,0,0,56.347,3,0,0,0,1,1,1,0,0,0
54.79,0,0,1,0,0,0,0,0,0,0,0,100.024,1,0,1,0,0,1,0,0,0,0
23.748,0,0,0,0,0,0,0,1,0,0,0,45,5,0,0,0,0,1,1,0,0,0
23.172,0,0,0,0,1,0,0,0,0,0,0,36,5,0,0,0,0,1,1,0,0,0
11.197,0,0,0,0,0,0,0,0,1,0,0,13.5,5,0,1,0,0,1,0,1,0,0
30.949,0,1,0,0,0,0,0,0,0,0,0,56.347,5,0,1,0,0,1,0,0,1,0
18.131,1,0,0,0,0,0,0,0,0,0,0,41.974,5,0,1,0,0,1,0,0,0,0
21.757,0,0,0,0,0,0,0,0,0,1,0,48,3,0,0,1,0,1,0,1,0,0
39.839,0,0,0,0,0,0,0,0,0,0,1,43.5,3,0,0,1,0,1,0,1,0,0
14.022,0,0,0,0,0,0,1,0,0,0,0,19,5,0,0,0,0,1,0,0,1,0
19.721,0,0,0,0,0,1,0,0,0,0,0,22.5,5,0,1,0,0,1,1,0,0,0
40.125,0,0,0,0,0,0,0,0,1,0,0,100.024,3,0,0,1,0,1,1,0,0,0
28.603,0,0,0,0,0,0,0,0,0,0,0,45,3,0,0,1,0,1,1,0,0,0
35.166,0,0,0,0,0,0,0,0,0,0,1,43.5,3,0,0,1,0,1,0,0,1,0
49.505,0,0,0,1,0,0,0,0,0,0,0,56.347,1,0,1,0,0,1,0,0,1,0
19.46,0,0,0,0,0,1,0,0,0,0,0,22.5,5,0,0,0,0,1,0,0,1,0
32.691,0,0,1,0,0,0,0,0,0,0,0,100.024,5,0,1,0,0,1,0,0,1,0
26.833,0,0,0,0,1,0,0,0,0,0,0,36,5,0,1,0,0,1,0,0,0,0
22.631,0,0,0,0,0,0,0,1,0,0,0,45,3,0,0,1,0,1,0,0,1,0
29.738,0,0,0,0,0,0,0,0,0,1,0,48,3,0,0,0,1,1,0,0,1,0
64.324,0,0,0,0,0,0,1,0,0,0,0,100.024,5,0,0,0,0,1,1,0,0,0
32.14,0,0,0,0,0,0,0,0,0,0,1,43.5,5,0,0,0,0,1,0,0,1,0
30.457,0,1,0,0,0,0,0,0,0,0,0,56.347,5,0,1,0,0,1,0,0,1,0
19.856,1,0,0,0,0,0,0,0,0,0,0,41.974,5,0,1,0,0,1,0,0,0,0
43.368,0,0,0,0,0,0,0,0,0,0,0,45,3,0,0,1,0,1,0,0,1,0
69.821,0,0,1,0,0,0,0,0,0,0,0,100.024,3,0,0,0,1,1,1,0,0,0
46.961,0,0,0,0,0,0,0,0,1,0,0,100.024,5,0,0,0,0,1,0,0,1,0
24.784,0,0,0,0,1,0,0,0,0,0,0,36,5,0,0,0,0,1,0,0,1,0
31.126,0,1,0,0,0,0,0,0,0,0,0,56.347,5,0,1,0,0,1,0,0,1,0
42.627,0,0,0,0,0,0,0,0,0,1,0,83.5,5,0,1,0,0,1,0,0,0,0
13.84,0,0,0,0,0,1,0,0,0,0,0,22.5,5,0,1,0,0,1,0,0,0,0
32.595,0,0,0,1,0,0,0,0,0,0,0,56.347,3,0,0,1,0,1,0,0,1,0
31.801,0,0,0,0,0,0,0,0,0,0,0,45,3,0,0,1,0,1,1,0,0,0
71.533,0,0,0,0,0,0,1,0,0,0,0,100.024,1,0,1,0,0,1,0,0,0,0
60.825,0,0,0,0,0,0,0,0,1,0,0,100.024,5,0,0,0,0,1,0,0,1,0
18.703,0,0,0,0,0,0,0,1,0,0,0,45,5,0,0,0,0,1,1,0,0,0
34.102,0,0,0,1,0,0,0,0,0,0,0,56.347,5,0,1,0,0,1,1,0,0,0
34.394,0,0,0,0,0,0,0,0,0,0,1,43.5,5,0,1,0,0,1,1,0,0,0
13.855,1,0,0,0,0,0,0,0,0,0,0,41.974,5,0,1,0,0,1,0,0,0,0
26.73,0,0,0,0,0,0,0,0,0,1,0,48,3,0,0,1,0,1,0,0,1,0
41.198,0,0,1,0,0,0,0,0,0,0,0,100.024,1,0,1,0,0,1,0,0,1,0
34.653,0,0,0,0,0,0,0,0,0,0,0,45,5,0,0,0,0,1,1,0,0,0
28.459,0,0,0,0,1,0,0,0,0,0,0,36,5,0,1,0,0,1,0,0,0,1
53.63,0,1,0,0,0,0,0,0,0,0,0,100.024,5,0,1,0,0,1,0,0,0,0
20.13,1,0,0,0,0,0,0,0,0,0,0,41.974,3,0,0,0,1,1,0,0,1,0
37.98,0,0,0,0,0,0,0,0,0,1,0,83.5,1,0,1,0,0,1,0,0,0,0
27.467,0,0,0,0,1,0,0,0,0,0,0,36,5,0,0,0,0,1,0,0,1,0
45.127,0,0,0,0,0,0,0,1,0,0,0,45,5,0,1,0,0,1,0,0,1,0
60.979,0,0,0,1,0,0,0,0,0,0,0,100.024,5,0,1,0,0,1,0,0,0,0
29.416,0,0,0,0,0,0,0,0,0,0,1,43.5,5,0,1,0,0,1,0,0,1,0
13.08,0,0,0,0,0,1,0,0,0,0,0,22.5,3,0,0,1,0,1,1,0,0,0
50.958,0,0,1,0,0,0,0,0,0,0,0,100.024,3,0,0,1,0,1,0,0,1,0
59.615,0,0,0,0,0,0,1,0,0,0,0,100.024,1,1,1,0,0,1,0,0,0,0
32.458,0,0,0,0,1,0,0,0,0,0,0,36,2,1,0,0,0,1,0,1,0,0
51.722,0,0,1,0,0,0,0,0,0,0,0,100.024,2,1,1,0,0,1,0,0,1,0
94.69,0,0,0,0,0,0,0,0,1,0,0,100.024,1,1,0,1,0,1,1,0,0,0
52.744,0,0,0,0,1,0,0,0,0,0,0,100.024,1,1,1,0,0,1,0,0,0,0
37.98,0,0,0,0,0,0,0,0,0,1,0,83.5,1,1,1,0,0,1,0,0,1,0
85.569,0,0,0,0,0,0,1,0,0,0,0,100.024,1,1,1,0,0,1,0,0,1,0
100.007,0,0,0,0,0,0,1,0,0,0,0,100.024,1,1,0,0,0,1,0,0,0,1
37.571,0,0,1,0,0,0,0,0,0,0,0,56.347,1,0,1,0,0,0,0,0,0,0
19.425,0,0,0,0,0,1,0,0,0,0,0,22.5,2,0,1,0,0,0,0,0,0,0
24.64,0,1,0,0,0,0,0,0,0,0,0,56.347,1,0,0,0,1,0,0,0,0,0
23.622,0,0,0,0,1,0,0,0,0,0,0,36,1,0,1,0,0,0,0,0,1,0
12.43,0,0,0,0,0,0,1,0,0,0,0,19,2,0,1,0,0,0,0,0,1,0
36.752,0,0,0,0,0,0,0,0,0,0,1,43.5,1,0,0,0,1,0,0,0,0,0
62.037,0,0,0,0,0,0,0,0,1,0,0,100.024,1,0,1,0,0,0,0,0,0,0
44.163,0,0,0,1,0,0,0,0,0,0,0,56.347,1,0,1,0,0,0,0,0,0,0
50.397,0,0,0,0,0,0,0,1,0,0,0,53.5,4,0,1,0,0,0,0,0,1,0
32.347,0,0,0,0,0,0,0,0,0,1,0,83.5,4,0,1,0,0,0,0,0,1,0
20.933,1,0,0,0,0,0,0,0,0,0,0,41.974,3,0,0,1,0,0,0,1,0,0
43.583,0,0,0,0,0,0,1,0,0,0,0,100.024,1,0,1,0,0,1,0,0,0,0
47.426,0,0,0,0,0,0,0,0,0,0,0,53.5,5,0,0,0,0,1,1,0,0,0
16.593,0,0,0,0,0,1,0,0,0,0,0,22.5,5,0,0,0,0,1,0,0,1,0
63.152,0,0,1,0,0,0,0,0,0,0,0,100.024,5,0,1,0,0,1,0,0,1,0
36.448,0,0,0,0,0,0,0,0,0,0,1,43.5,5,0,1,0,0,1,0,0,1,0
62.73,0,0,0,1,0,0,0,0,0,0,0,100.024,3,0,0,0,1,1,0,0,0,0
62.1,0,0,0,0,0,0,0,0,1,0,0,100.024,1,0,1,0,0,1,0,1,0,0
37.323,0,1,0,0,0,0,0,0,0,0,0,100.024,5,0,0,0,0,1,1,0,0,0
36.231,0,0,0,0,0,0,0,1,0,0,0,53.5,5,0,0,0,0,1,1,0,0,0
25.271,0,0,0,0,1,0,0,0,0,0,0,36,5,0,1,0,0,1,0,0,0,0
17.729,0,0,0,0,0,1,0,0,0,0,0,22.5,5,0,1,0,0,1,0,0,0,0
25.505,0,0,0,0,0,0,0,0,0,1,0,48,3,0,0,1,0,1,1,0,0,0
20.676,1,0,0,0,0,0,0,0,0,0,0,41.974,1,0,1,0,0,1,0,0,0,0
57.116,0,0,1,0,0,0,0,0,0,0,0,100.024,4,0,0,0,0,1,1,0,0,0
25.376,0,0,0,0,0,0,0,0,0,1,0,48,4,0,1,0,0,1,0,0,1,0
36.041,0,0,0,1,0,0,0,0,0,0,0,56.347,4,0,1,0,0,1,0,0,0,0
35.366,0,0,0,0,0,0,0,0,0,0,1,43.5,4,0,1,0,0,1,0,0,1,0
44.77,0,0,0,0,0,0,0,0,0,0,0,53.5,3,0,0,1,0,1,0,0,1,0
80.222,0,0,0,0,1,0,0,0,0,0,0,100.024,1,0,0,0,0,1,1,0,0,0
91.731,0,0,1,0,0,0,0,0,0,0,0,100.024,3,0,0,0,0,1,0,0,1,0
11.504,0,0,0,0,0,1,0,0,0,0,0,22.5,3,0,0,0,0,1,0,0,1,0
31.005,0,1,0,0,0,0,0,0,0,0,0,56.347,3,0,1,0,0,1,1,0,0,0
52.99,0,0,0,0,0,0,0,0,1,0,0,100.024,3,0,0,1,0,1,0,0,1,0
47.007,0,0,0,0,0,0,0,1,0,0,0,53.5,3,0,0,0,1,1,0,0,1,0
68.251,0,1,0,0,0,0,0,0,0,0,0,100.024,1,0,1,0,0,1,0,0,0,0
32.924,0,0,0,0,0,0,1,0,0,0,0,100.024,5,0,0,0,0,1,1,0,0,0
44.216,0,0,0,0,0,0,0,0,0,0,0,53.5,5,0,1,0,0,1,1,0,0,0
33.289,0,0,0,1,0,0,0,0,0,0,0,56.347,5,0,1,0,0,1,1,0,0,0
17.953,1,0,0,0,0,0,0,0,0,0,0,41.974,5,0,1,0,0,1,0,0,0,0
34.377,0,0,0,0,1,0,0,0,0,0,0,100.024,3,0,0,1,0,1,0,0,1,0
40.476,0,0,0,0,0,0,0,0,0,0,1,43.5,3,0,0,1,0,1,1,0,0,0
34.506,0,0,0,0,0,0,0,0,0,1,0,83.5,1,0,1,0,0,1,1,0,0,0
38.234,0,0,0,0,0,0,0,1,0,0,0,53.5,3,0,0,0,0,1,1,0,0,0
26.522,1,0,0,0,0,0,0,0,0,0,0,41.974,3,0,1,0,0,1,0,0,1,0
29.391,0,0,0,0,0,0,0,0,0,0,1,43.5,1,0,0,1,0,1,0,0,1,0
50.051,0,0,0,0,0,0,0,0,0,0,0,53.5,1,0,1,0,0,1,0,0,0,0
41.098,0,0,0,1,0,0,0,0,0,0,0,56.347,1,0,1,0,0,1,0,0,0,0
56.91,0,0,0,0,0,0,0,0,1,0,0,100.024,3,0,0,0,0,1,1,0,0,0
27.402,0,0,0,0,1,0,0,0,0,0,0,36,1,0,1,0,0,1,0,0,0,0
53.049,0,0,1,0,0,0,0,0,0,0,0,100.024,3,0,1,0,0,1,1,0,0,0
52.233,0,0,0,0,0,0,0,1,0,0,0,53.5,3,0,1,0,0,1,0,0,0,0
14.235,0,0,0,0,0,1,0,0,0,0,0,22.5,2,0,0,1,0,1,0,0,1,0
32.419,0,1,0,0,0,0,0,0,0,0,0,100.024,2,0,0,0,1,1,1,0,0,0
37.355,0,0,0,0,0,0,0,0,0,1,0,48,1,0,1,0,0,1,0,0,0,0
24.625,1,0,0,0,0,0,0,0,0,0,0,41.974,3,0,1,0,0,1,0,1,0,0
74.664,0,0,0,1,0,0,0,0,0,0,0,100.024,3,0,1,0,0,1,0,0,0,0
49.069,0,0,0,0,0,0,0,0,0,0,0,53.5,4,0,0,1,0,1,1,0,0,0
17.906,0,0,0,0,0,0,1,0,0,0,0,100.024,4,0,0,0,1,1,0,1,0,0
35.914,0,0,0,0,0,0,0,0,0,0,1,43.5,4,0,0,0,1,1,0,0,1,0
36.952,0,0,0,0,1,0,0,0,0,0,0,56.347,1,0,1,0,0,1,0,0,0,0
15.504,0,0,0,0,0,0,1,0,0,0,0,19,4,0,0,0,0,1,0,0,1,0
42.374,0,0,0,0,0,0,0,1,0,0,0,53.5,4,0,1,0,0,1,1,0,0,0
21.354,0,0,0,0,0,1,0,0,0,0,0,22.5,3,0,0,1,0,1,0,0,1,0
49.624,0,1,0,0,0,0,0,0,0,0,0,100.024,1,0,1,0,0,1,0,0,0,0
22.083,0,0,0,0,0,0,0,0,1,0,0,100.024,5,0,0,0,0,1,0,1,0,0
41.317,0,0,0,0,0,0,0,0,0,1,0,48,5,0,0,0,0,1,1,0,0,0
32.942,0,0,0,0,0,0,0,0,0,0,1,43.5,5,0,0,0,0,1,0,0,1,0
47.205,0,0,0,0,0,0,0,0,0,0,0,53.5,5,0,1,0,0,1,0,0,0,0
12.7,1,0,0,0,0,0,0,0,0,0,0,41.974,5,0,1,0,0,1,0,1,0,0
25.18,0,0,0,0,1,0,0,0,0,0,0,36,3,0,0,1,0,1,1,0,0,0
28.339,0,0,1,0,0,0,0,0,0,0,0,56.347,3,0,0,1,0,1,1,0,0,0
44.626,0,0,0,1,0,0,0,0,0,0,0,100.024,3,0,0,0,1,1,1,0,0,0
34.648,0,0,0,0,0,0,0,0,1,0,0,100.024,1,0,1,0,0,1,1,0,0,0
34.258,0,0,0,0,0,0,0,1,0,0,0,53.5,5,0,0,0,0,1,1,0,0,0
70.516,0,0,0,0,0,0,1,0,0,0,0,100.024,5,0,0,0,0,1,1,0,0,0
18.236,0,0,0,0,0,1,0,0,0,0,0,22.5,5,0,1,0,0,1,1,0,0,0
30.948,0,0,0,1,0,0,0,0,0,0,0,56.347,5,0,1,0,0,1,1,0,0,0
43.732,0,0,0,0,1,0,0,0,0,0,0,56.347,1,0,1,0,0,1,0,0,0,0
13.178,0,0,0,0,0,0,1,0,0,0,0,19,5,0,0,0,0,1,0,1,0,0
15.862,1,0,0,0,0,0,0,0,0,0,0,41.974,5,0,1,0,0,1,0,0,0,0
27.778,0,0,0,0,0,0,0,0,0,1,0,48,5,0,1,0,0,1,0,0,0,0
50.552,0,0,0,0,0,0,0,0,0,0,0,53.5,3,0,0,1,0,1,1,0,0,0
40.939,0,0,1,0,0,0,0,0,0,0,0,100.024,3,0,0,0,1,1,0,1,0,0
34.577,0,0,0,0,0,0,0,0,1,0,0,100.024,5,0,0,0,0,1,1,0,0,0
24.032,0,0,0,0,0,1,0,0,0,0,0,22.5,5,0,1,0,0,1,0,0,1,0
46.786,0,0,0,0,0,0,0,1,0,0,0,53.5,5,0,1,0,0,1,1,0,0,0
29.297,0,1,0,0,0,0,0,0,0,0,0,56.347,3,0,0,1,0,1,0,0,0,0
25.076,0,0,0,0,0,0,0,0,0,0,1,43.5,3,0,0,1,0,1,0,1,0,0
24.766,0,0,0,0,1,0,0,0,0,0,0,36,3,0,0,0,1,1,1,0,0,0
50.321,0,0,0,0,0,0,0,0,0,0,0,53.5,1,0,1,0,0,1,0,1,0,0
34.965,0,0,0,0,0,0,0,0,0,1,0,48,5,0,1,0,0,1,0,0,1,0
13.61,1,0,0,0,0,0,0,0,0,0,0,41.974,5,0,1,0,0,1,0,0,0,0
21.483,0,0,0,0,0,0,0,0,1,0,0,56.347,3,0,0,1,0,1,1,0,0,0
58.996,0,0,0,1,0,0,0,0,0,0,0,100.024,3,0,0,1,0,1,1,0,0,0
36.689,0,1,0,0,0,0,0,0,0,0,0,56.347,1,0,1,0,0,1,0,0,0,0
37.894,0,0,0,0,0,0,0,1,0,0,0,53.5,2,0,0,1,0,1,0,0,1,0
32.27,0,0,0,0,0,0,0,0,0,0,1,43.5,1,0,1,0,0,1,1,0,0,0
27.167,1,0,0,0,0,0,0,0,0,0,0,41.974,2,0,1,0,0,1,1,0,0,0
72.768,0,0,0,0,0,0,1,0,0,0,0,100.024,2,0,1,0,0,1,1,0,0,0
41.486,0,0,1,0,0,0,0,0,0,0,0,100.024,1,0,0,0,1,1,1,0,0,0
36.804,0,0,0,0,0,0,0,0,0,1,0,48,1,0,1,0,0,1,0,0,0,0
49.47,0,0,0,0,0,0,0,0,0,0,0,53.5,4,0,0,0,0,1,1,0,0,0
23.095,0,0,0,0,0,0,0,0,1,0,0,100.024,4,0,1,0,0,1,1,0,0,0
12.027,0,0,0,0,0,1,0,0,0,0,0,22.5,4,0,1,0,0,1,0,0,1,0
14.187,0,0,0,0,0,0,1,0,0,0,0,19,3,0,0,1,0,1,1,0,0,0
32.807,0,0,1,0,0,0,0,0,0,0,0,100.024,3,0,0,0,1,1,0,0,1,0
58.032,0,0,0,0,0,0,0,0,1,0,0,100.024,1,0,1,0,0,1,0,0,0,0
28.84,0,1,0,0,0,0,0,0,0,0,0,56.347,5,0,0,0,0,1,0,0,1,0
37.088,0,0,0,0,0,0,1,0,0,0,0,100.024,5,0,1,0,0,1,0,0,1,0
26.885,0,0,0,0,1,0,0,0,0,0,0,36,5,0,1,0,0,1,0,0,0,0
50.087,0,0,0,0,0,0,0,1,0,0,0,53.5,5,0,1,0,0,1,0,0,0,0
19.657,1,0,0,0,0,0,0,0,0,0,0,41.974,3,0,0,1,0,1,0,0,1,0
36.458,0,0,0,0,0,0,0,0,0,0,1,43.5,3,0,0,1,0,1,1,0,0,0
38.812,0,1,0,0,0,0,0,0,0,0,0,56.347,1,0,1,0,0,1,0,0,0,0
31.361,0,0,0,0,0,0,0,0,0,1,0,48,5,0,0,0,0,1,0,1,0,0
10.042,0,0,0,0,0,1,0,0,0,0,0,22.5,5,0,0,0,0,1,0,1,0,0
35.905,0,0,0,1,0,0,0,0,0,0,0,56.347,5,0,1,0,0,1,0,0,1,0
50.459,0,0,0,0,0,0,0,0,0,0,0,53.5,5,0,1,0,0,1,1,0,0,0
32.929,0,0,1,0,0,0,0,0,0,0,0,100.024,5,0,1,0,0,1,0,0,1,0
52.505,0,0,0,0,0,0,0,1,0,0,0,53.5,1,0,1,0,0,1,0,0,0,0
33.281,0,0,0,1,0,0,0,0,0,0,0,56.347,5,0,0,0,0,1,0,0,0,0
72.216,0,0,0,0,0,0,1,0,0,0,0,100.024,5,0,1,0,0,1,0,0,0,0
35.083,0,0,0,0,0,0,0,0,0,0,1,43.5,5,0,1,0,0,1,0,0,1,0
17.473,1,0,0,0,0,0,0,0,0,0,0,41.974,3,0,0,1,0,1,1,0,0,0
47.2,0,0,0,0,0,0,0,0,1,0,0,100.024,3,0,0,0,1,1,1,0,0,0
48.98,0,0,1,0,0,0,0,0,0,0,0,100.024,1,0,1,0,0,1,0,0,0,0
56.663,0,1,0,0,0,0,0,0,0,0,0,100.024,5,0,0,0,0,1,0,0,1,0
31.227,0,0,0,0,0,0,0,0,0,1,0,83.5,5,0,1,0,0,1,0,0,1,0
24.659,0,0,0,0,1,0,0,0,0,0,0,36,5,0,1,0,0,1,0,0,1,0
11.84,0,0,0,0,0,1,0,0,0,0,0,22.5,3,0,0,1,0,1,0,0,1,0
44.969,0,0,0,0,0,0,0,0,0,0,0,53.5,3,0,0,1,0,1,0,0,1,0
74.757,0,0,0,0,0,0,1,0,0,0,0,100.024,1,1,1,0,0,1,0,0,0,0
35.998,0,0,0,0,0,0,0,0,0,1,0,83.5,2,1,0,0,0,1,1,0,0,0
49.886,0,0,0,0,0,0,0,1,0,0,0,53.5,1,1,0,1,0,1,0,0,1,0
65.964,0,0,0,0,1,0,0,0,0,0,0,100.024,1,1,1,0,0,1,1,0,0,0
48.029,0,0,0,0,0,0,0,0,0,1,0,83.5,1,1,1,0,0,1,0,0,0,0
74.856,0,0,0,0,0,0,1,0,0,0,0,100.024,1,1,1,0,0,1,1,0,0,0
99.454,0,0,0,0,0,0,0,0,0,1,0,100.024,1,1,0,0,0,1,0,0,1,0
83.493,0,1,0,0,0,0,0,0,0,0,0,100.024,1,0,1,0,0,1,1,0,0,0
23.274,0,0,0,0,0,0,0,0,0,1,0,83.5,4,0,1,0,0,1,0,1,0,0
31.24,1,0,0,0,0,0,0,0,0,0,0,41.974,4,0,1,0,0,1,0,1,0,0
45.607,0,0,0,0,0,0,0,0,0,0,0,53.5,3,0,0,1,0,1,1,0,0,0
73.584,0,0,0,0,0,0,1,0,0,0,0,100.024,1,0,0,0,0,1,1,0,0,0
34.588,0,0,0,0,0,0,0,0,0,0,1,43.5,1,0,1,0,0,1,1,0,0,0
49.945,0,0,0,0,0,0,0,0,1,0,0,100.024,5,0,0,0,0,1,1,0,0,0
33.771,0,0,1,0,0,0,0,0,0,0,0,56.347,5,0,1,0,0,1,1,0,0,0
13.649,0,0,0,0,0,1,0,0,0,0,0,22.5,5,0,1,0,0,1,1,0,0,0
49.765,0,0,0,0,0,0,0,1,0,0,0,53.5,5,0,1,0,0,1,0,0,1,0
23.723,0,0,0,0,1,0,0,0,0,0,0,36,3,0,0,1,0,1,1,0,0,0
59.866,0,0,0,1,0,0,0,0,0,0,0,100.024,3,0,0,1,0,1,1,0,0,0
45.197,0,0,1,0,0,0,0,0,0,0,0,100.024,1,0,1,0,0,1,0,1,0,0
54.854,0,1,0,0,0,0,0,0,0,0,0,100.024,5,0,0,0,0,1,0,0,1,0
43.713,0,0,0,0,0,0,0,0,0,0,0,53.5,5,0,0,0,0,1,1,0,0,0
31.966,0,0,0,0,0,0,0,0,0,1,0,48,5,0,1,0,0,1,0,1,0,0
22.441,1,0,0,0,0,0,0,0,0,0,0,41.974,5,0,1,0,0,1,1,0,0,0
15.559,0,0,0,0,0,0,1,0,0,0,0,19,3,0,0,1,0,1,0,0,1,0
20.813,0,0,0,0,1,0,0,0,0,0,0,36,3,0,0,1,0,1,1,0,0,0
39.138,0,0,0,0,0,0,0,0,0,0,1,43.5,3,0,0,1,0,1,0,0,1,0
58.175,0,0,0,0,0,0,0,0,1,0,0,100.024,1,0,1,0,0,1,1,0,0,0
88.395,0,0,0,1,0,0,0,0,0,0,0,100.024,5,0,0,0,0,1,0,1,0,0
49.831,0,0,0,0,0,0,0,1,0,0,0,53.5,5,0,1,0,0,1,1,0,0,0
16.632,1,0,0,0,0,0,0,0,0,0,0,41.974,3,0,0,1,0,1,0,0,1,0
23.452,0,0,0,0,1,0,0,0,0,0,0,36,3,0,0,1,0,1,1,0,0,0
71.759,0,1,0,0,0,0,0,0,0,0,0,100.024,1,0,1,0,0,1,0,0,1,0
45.228,0,0,0,0,0,0,0,0,1,0,0,100.024,5,0,0,0,0,1,0,0,1,0
25.541,0,0,0,0,0,0,0,0,0,1,0,48,5,0,0,0,0,1,0,1,0,0
12.464,0,0,0,0,0,1,0,0,0,0,0,22.5,5,0,1,0,0,1,1,0,0,0
34.554,0,0,0,0,0,0,0,0,0,0,1,43.5,5,0,1,0,0,1,0,0,1,0
49.617,0,0,0,0,0,0,0,0,0,0,0,53.5,3,0,0,0,1,1,1,0,0,0
52.152,0,0,1,0,0,0,0,0,0,0,0,100.024,1,0,1,0,0,1,1,0,0,0
12.464,0,0,0,0,0,1,0,0,0,0,0,22.5,6,0,1,0,0,1,0,0,1,0
20.273,0,1,0,0,0,0,0,0,0,0,0,56.347,2,0,0,1,0,1,0,1,0,0
38.508,0,0,0,0,0,0,0,1,0,0,0,53.5,2,0,0,0,1,1,1,0,0,0
43.972,0,0,0,1,0,0,0,0,0,0,0,56.347,1,0,1,0,0,1,1,0,0,0
43.532,0,0,0,0,0,0,0,0,0,0,0,53.5,5,0,0,0,0,1,0,0,1,0
41.935,0,0,0,0,0,0,1,0,0,0,0,100.024,5,0,0,0,0,1,1,0,0,0
16.676,0,1,0,0,0,0,0,0,0,0,0,56.347,5,0,1,0,0,1,1,0,0,0
28.063,0,0,0,0,0,0,0,0,0,1,0,83.5,5,0,1,0,0,1,1,0,0,0
26.964,0,0,0,0,0,0,0,0,0,0,1,43.5,5,0,1,0,0,1,0,1,0,0
59.034,0,0,0,0,0,0,0,0,1,0,0,100.024,3,0,0,1,0,1,0,0,1,0
15.957,1,0,0,0,0,0,0,0,0,0,0,41.974,3,0,0,0,1,1,1,0,0,0
32.032,0,0,0,0,1,0,0,0,0,0,0,56.347,1,0,1,0,0,1,1,0,0,0
16.44,0,0,0,0,0,1,0,0,0,0,0,22.5,5,0,1,0,0,1,1,0,0,0
63.319,0,0,0,0,0,0,1,0,0,0,0,100.024,5,0,1,0,0,1,1,0,0,0
36.857,0,0,0,1,0,0,0,0,0,0,0,56.347,3,0,0,1,0,1,1,0,0,0
44.451,0,0,0,0,0,0,0,1,0,0,0,53.5,3,0,0,0,1,1,1,0,0,0
32.105,0,0,0,0,0,0,0,0,0,1,0,48,1,0,1,0,0,1,0,0,1,0
11.32,0,0,0,0,0,0,1,0,0,0,0,19,5,0,0,0,0,1,0,0,1,0
83.804,0,0,0,0,0,0,0,0,1,0,0,100.024,5,0,1,0,0,1,0,0,1,0
45.518,0,0,0,0,0,0,0,0,0,0,0,53.5,5,0,1,0,0,1,0,0,1,0
16.898,1,0,0,0,0,0,0,0,0,0,0,41.974,3,0,0,1,0,1,0,0,1,0
43.452,0,0,1,0,0,0,0,0,0,0,0,100.024,3,0,0,1,0,1,0,0,1,0
37.676,0,0,0,0,0,0,0,0,0,0,1,43.5,3,0,0,1,0,1,0,0,1,0
32.035,0,1,0,0,0,0,0,0,0,0,0,100.024,4,0,0,0,0,1,0,0,1,0
13.068,0,0,0,0,0,1,0,0,0,0,0,22.5,4,0,1,0,0,1,0,0,1,0
40.632,0,0,0,1,0,0,0,0,0,0,0,56.347,4,0,1,0,0,1,0,0,1,0
40.907,0,0,0,0,0,0,0,1,0,0,0,53.5,4,0,1,0,0,1,0,0,1,0
46.14,0,0,0,0,0,0,0,1,0,0,0,53.5,1,0,1,0,0,1,0,0,1,0
8.911,0,0,0,0,0,1,0,0,0,0,0,22.5,3,0,0,0,0,1,1,0,0,0
37.306,0,0,0,0,0,0,0,0,0,0,1,43.5,3,0,0,0,0,1,1,0,0,0
43.39,0,0,1,0,0,0,0,0,0,0,0,100.024,2,0,0,1,0,1,0,0,1,0
49.108,0,0,0,0,0,0,0,0,0,0,0,53.5,1,0,1,0,0,1,1,0,0,0
45.178,0,0,0,0,0,0,0,0,1,0,0,100.024,1,0,1,0,0,1,1,0,0,0
27.693,0,1,0,0,0,0,0,0,0,0,0,100.024,3,0,0,0,0,1,1,0,0,0
28.007,0,0,0,0,1,0,0,0,0,0,0,36,1,0,0,1,0,1,0,0,1,0
37.579,0,0,0,0,0,0,0,0,0,1,0,48,1,0,1,0,0,1,1,0,0,0
62.5,0,0,0,0,0,0,1,0,0,0,0,100.024,3,0,0,0,0,1,0,0,1,0
18.146,1,0,0,0,0,0,0,0,0,0,0,41.974,3,0,1,0,0,1,1,0,0,0
30.207,0,1,0,0,0,0,0,0,0,0,0,56.347,1,0,0,1,0,1,0,0,1,0
28.316,0,0,0,0,0,0,0,0,0,1,0,48,1,0,1,0,0,1,1,0,0,0
75.88,0,0,1,0,0,0,0,0,0,0,0,100.024,1,0,1,0,0,1,1,0,0,0
35.968,0,0,0,0,0,0,0,0,1,0,0,100.024,4,0,0,0,0,1,1,0,0,0
14.444,0,0,0,0,0,1,0,0,0,0,0,22.5,4,0,1,0,0,1,1,0,0,0
38.02,0,0,0,1,0,0,0,0,0,0,0,56.347,2,0,0,1,0,1,1,0,0,0
44.496,0,0,0,0,0,0,0,1,0,0,0,53.5,1,0,1,0,0,1,1,0,0,0
52.564,0,0,0,0,0,0,0,0,1,0,0,100.024,1,0,1,0,0,1,1,0,0,0
38.861,0,0,0,1,0,0,0,0,0,0,0,100.024,4,0,0,0,0,1,1,0,0,0
38.133,0,0,0,0,0,0,0,0,0,0,1,43.5,4,0,1,0,0,1,0,0,1,0
16.792,0,0,0,0,0,0,1,0,0,0,0,19,3,0,0,1,0,1,1,0,0,0
16.936,1,0,0,0,0,0,0,0,0,0,0,41.974,3,0,0,0,1,1,0,0,1,0
25.041,0,0,0,0,1,0,0,0,0,0,0,36,5,0,0,0,0,1,1,0,0,0
9.589,0,0,0,0,0,1,0,0,0,0,0,22.5,5,0,0,0,0,1,1,0,0,0
36.527,0,0,1,0,0,0,0,0,0,0,0,56.347,5,0,1,0,0,1,1,0,0,0
37.369,0,0,0,0,0,0,0,0,0,1,0,83.5,5,0,1,0,0,1,1,0,0,0
53.518,0,0,0,0,0,0,0,1,0,0,0,53.5,3,0,0,1,0,1,0,0,1,0
26.815,0,1,0,0,0,0,0,0,0,0,0,56.347,1,0,1,0,0,1,1,0,0,0
41.715,0,0,0,0,0,0,0,0,0,0,0,53.5,5,0,0,0,0,1,1,0,0,0
39.777,0,0,0,0,0,0,0,0,1,0,0,100.024,5,0,1,0,0,1,1,0,0,0
23.705,0,0,0,1,0,0,0,0,0,0,0,56.347,5,0,1,0,0,1,1,0,0,0
15.563,1,0,0,0,0,0,0,0,0,0,0,41.974,5,0,1,0,0,1,1,0,0,0
38.76,0,0,0,0,0,0,0,0,0,0,1,43.5,3,0,0,1,0,1,1,0,0,0
66.305,0,0,0,0,0,0,1,0,0,0,0,100.024,1,0,1,0,0,1,0,0,0,0
21.913,0,0,0,0,1,0,0,0,0,0,0,36,5,0,0,0,0,1,0,1,0,0
37.894,0,0,1,0,0,0,0,0,0,0,0,100.024,5,0,0,0,0,1,0,1,0,0
38.69,0,0,0,0,0,0,0,0,0,1,0,48,5,0,1,0,0,1,1,0,0,0
25.251,0,1,0,0,0,0,0,0,0,0,0,56.347,5,0,1,0,0,1,0,1,0,0
9.341,0,0,0,0,0,1,0,0,0,0,0,22.5,5,0,1,0,0,1,0,0,1,0
35.977,0,0,0,0,0,0,0,1,0,0,0,53.5,3,0,0,1,0,1,1,0,0,0
33.466,0,0,0,1,0,0,0,0,0,0,0,56.347,3,0,0,1,0,1,1,0,0,0
49.116,0,0,0,0,0,0,0,0,0,0,0,53.5,1,0,1,0,0,1,0,0,1,0
48.133,0,0,1,0,0,0,0,0,0,0,0,100.024,5,0,0,0,0,1,1,0,0,0
19.92,1,0,0,0,0,0,0,0,0,0,0,41.974,5,0,1,0,0,1,0,0,1,0
27.91,0,0,0,0,1,0,0,0,0,0,0,36,5,0,1,0,0,1,1,0,0,0
34.843,0,0,0,0,0,0,0,0,0,0,1,43.5,5,0,1,0,0,1,0,1,0,0
38.408,0,0,0,0,0,0,0,0,0,1,0,48,1,0,1,0,0,1,0,0,1,0
25.914,0,0,0,1,0,0,0,0,0,0,0,56.347,5,0,0,0,0,1,1,0,0,0
32.436,0,0,0,0,0,0,0,1,0,0,0,53.5,5,0,1,0,0,1,1,0,0,0
17.744,1,0,0,0,0,0,0,0,0,0,0,41.974,5,0,1,0,0,1,0,0,1,0
55.802,0,0,0,0,1,0,0,0,0,0,0,100.024,5,0,1,0,0,1,1,0,0,0
38.508,0,0,0,0,0,0,0,0,1,0,0,100.024,3,0,0,1,0,1,0,0,1,0
28.657,0,0,0,0,0,0,1,0,0,0,0,56.347,1,0,1,0,0,1,0,0,1,0
63.178,0,0,1,0,0,0,0,0,0,0,0,100.024,5,0,0,0,0,1,0,0,1,0
16.253,0,0,0,0,0,1,0,0,0,0,0,22.5,5,0,1,0,0,1,0,1,0,0
46.609,0,0,0,0,0,0,0,0,0,0,0,53.5,5,0,1,0,0,1,1,0,0,0
33.962,0,1,0,0,0,0,0,0,0,0,0,100.024,3,0,0,1,0,1,1,0,0,0
37.733,0,0,0,0,0,0,0,0,0,0,1,43.5,3,0,0,1,0,1,1,0,0,0
40.582,0,0,0,0,1,0,0,0,0,0,0,100.024,1,0,1,0,0,1,1,0,0,0
11.731,0,0,0,0,0,0,1,0,0,0,0,19,5,0,0,0,0,1,1,0,0,0
37.864,0,0,0,1,0,0,0,0,0,0,0,100.024,5,0,1,0,0,1,0,1,0,0
9.343,0,0,0,0,0,1,0,0,0,0,0,22.5,5,0,1,0,0,1,0,1,0,0
52.46,0,0,0,0,0,0,0,0,0,0,0,53.5,3,0,0,1,0,1,0,0,1,0
40.461,0,0,0,0,0,0,0,0,1,0,0,56.347,1,0,1,0,0,1,1,0,0,0
26.128,0,0,0,0,1,0,0,0,0,0,0,36,6,0,0,0,0,1,1,0,0,0
15.434,1,0,0,0,0,0,0,0,0,0,0,41.974,6,0,0,0,0,1,1,0,0,0
37.922,0,0,0,0,0,0,0,1,0,0,0,53.5,6,0,0,0,0,1,1,0,0,0
33.182,0,0,0,0,0,0,1,0,0,0,0,100.024,6,0,1,0,0,1,0,0,1,0
25.424,0,0,0,0,0,0,0,0,0,1,0,48,6,0,1,0,0,1,1,0,0,0
36.165,0,0,0,0,0,0,0,0,0,0,1,43.5,6,0,1,0,0,1,1,0,0,0
40.27,0,0,1,0,0,0,0,0,0,0,0,100.024,2,0,0,1,0,1,1,0,0,0
42.663,0,0,0,0,0,0,0,0,0,0,1,43.5,1,1,1,0,0,1,0,1,0,0
90.186,0,0,0,0,0,0,0,0,1,0,0,100.024,1,1,0,1,0,1,0,0,1,0
70.879,0,0,0,0,0,0,1,0,0,0,0,100.024,1,1,1,0,0,1,1,0,0,0
31.162,0,0,0,0,0,0,0,0,0,1,0,83.5,1,1,1,0,0,1,0,1,0,0
43.08,0,0,0,0,0,0,0,0,0,0,1,43.5,1,1,1,0,0,1,0,0,1,0
98.632,0,0,0,0,0,0,0,0,0,0,1,100.024,1,1,0,0,0,0,0,0,1,0
75.706,0,0,0,0,0,0,0,0,1,0,0,100.024,1,0,1,0,0,0,1,0,0,0
16.239,0,0,0,0,0,1,0,0,0,0,0,22.5,4,0,0,0,0,0,0,0,1,0
33.857,0,0,0,0,0,0,0,0,0,1,0,48,4,0,1,0,0,0,1,0,0,0
42.896,0,0,0,0,0,0,0,1,0,0,0,53.5,3,0,0,1,0,0,0,0,1,0
35.201,0,0,0,0,0,0,0,0,0,0,1,43.5,3,0,0,0,1,0,0,0,1,0
74.218,0,0,0,0,1,0,0,0,0,0,0,100.024,1,0,0,0,0,0,0,0,1,0
72.761,0,0,1,0,0,0,0,0,0,0,0,100.024,1,0,1,0,0,1,0,0,1,0
50.555,0,0,0,0,0,0,0,0,0,0,0,53.5,5,0,0,0,0,1,0,0,1,0
50.424,0,0,0,1,0,0,0,0,0,0,0,100.024,5,0,0,0,0,1,0,0,1,0
18.021,1,0,0,0,0,0,0,0,0,0,0,41.974,5,0,0,0,0,1,0,0,1,0
42.977,0,0,0,0,0,0,1,0,0,0,0,100.024,3,0,0,1,0,1,0,0,1,0
33.146,0,1,0,0,0,0,0,0,0,0,0,56.347,3,0,0,0,1,1,0,1,0,0
43.663,0,0,0,0,0,0,0,1,0,0,0,53.5,1,0,1,0,0,1,0,0,1,0
29.951,0,0,0,0,0,0,0,0,1,0,0,56.347,5,0,0,0,0,1,1,0,0,0
37.045,0,0,0,0,0,0,0,0,0,1,0,48,5,0,1,0,0,1,0,0,1,0
13.885,0,0,0,0,0,1,0,0,0,0,0,22.5,5,0,1,0,0,1,0,0,1,0
40.555,0,0,0,0,0,0,0,0,0,0,1,43.5,5,0,1,0,0,1,0,1,0,0
23.32,0,0,0,0,1,0,0,0,0,0,0,36,3,0,0,0,1,1,1,0,0,0
38.86,0,0,0,0,0,0,0,0,0,0,1,43.5,1,0,1,0,0,1,0,0,1,0
42.723,0,0,0,1,0,0,0,0,0,0,0,100.024,5,0,0,0,0,1,0,1,0,0
17.052,0,0,0,0,0,0,1,0,0,0,0,19,5,0,0,0,0,1,0,0,1,0
20.041,1,0,0,0,0,0,0,0,0,0,0,41.974,5,0,1,0,0,1,0,1,0,0
27.622,0,1,0,0,0,0,0,0,0,0,0,56.347,5,0,1,0,0,1,1,0,0,0
50.369,0,0,0,0,0,0,0,0,0,0,0,53.5,5,0,1,0,0,1,0,0,1,0
47.558,0,0,1,0,0,0,0,0,0,0,0,100.024,3,0,0,1,0,1,0,0,0,0
45.781,0,0,0,0,0,0,1,0,0,0,0,100.024,1,0,1,0,0,1,1,0,0,0
35.427,0,0,0,0,0,0,0,0,0,1,0,48,4,0,0,0,0,1,0,1,0,0
13.351,0,0,0,0,0,1,0,0,0,0,0,22.5,4,0,1,0,0,1,0,0,0,1
43.984,0,0,0,0,0,0,0,1,0,0,0,53.5,4,0,1,0,0,1,0,0,0,0
85.082,0,0,1,0,0,0,0,0,0,0,0,100.024,1,0,0,0,0,1,0,0,0,0
46.431,0,0,0,0,0,0,0,0,0,0,0,53.5,5,0,0,0,0,1,0,1,0,0
23.007,0,0,0,0,1,0,0,0,0,0,0,36,5,0,1,0,0,1,0,1,0,0
27.077,0,0,0,0,0,0,0,0,1,0,0,100.024,5,0,1,0,0,1,0,0,1,0
14.646,1,0,0,0,0,0,0,0,0,0,0,41.974,3,0,0,1,0,1,0,1,0,0
43.827,0,1,0,0,0,0,0,0,0,0,0,100.024,3,0,0,1,0,1,0,1,0,0
37.931,0,0,0,0,0,0,0,0,0,0,1,43.5,3,0,0,1,0,1,0,0,1,0
49.678,0,0,0,0,0,0,0,0,1,0,0,100.024,1,0,1,0,0,1,0,0,1,0
60.222,0,0,1,0,0,0,0,0,0,0,0,100.024,6,0,0,0,0,1,0,0,1,0
25.429,0,0,0,0,1,0,0,0,0,0,0,36,6,0,0,0,0,1,1,0,0,0
29.527,0,0,0,0,0,0,0,0,0,1,0,48,6,0,1,0,0,1,1,0,0,0
12.78,0,0,0,0,0,1,0,0,0,0,0,22.5,6,0,1,0,0,1,0,0,1,0
31.544,0,0,0,0,0,0,0,1,0,0,0,53.5,2,0,0,0,1,1,0,0,1,0
53.141,0,0,0,0,0,0,0,0,0,0,0,53.5,1,0,1,0,0,1,0,0,0,0
30.321,0,0,0,1,0,0,0,0,0,0,0,56.347,5,0,0,0,0,1,0,0,1,0
12.012,0,0,0,0,0,0,1,0,0,0,0,19,5,0,0,0,0,1,0,0,1,0
24.552,1,0,0,0,0,0,0,0,0,0,0,41.974,5,0,1,0,0,1,0,0,0,0
36.014,0,0,0,0,0,0,0,0,1,0,0,100.024,5,0,1,0,0,1,0,0,1,0
26.924,0,1,0,0,0,0,0,0,0,0,0,56.347,3,0,0,1,0,1,0,1,0,0
36.14,0,0,0,0,0,0,0,0,0,0,1,43.5,3,0,0,1,0,1,0,1,0,0
61.552,0,0,0,0,0,0,1,0,0,0,0,100.024,1,0,1,0,0,1,0,0,1,0
59.864,0,0,1,0,0,0,0,0,0,0,0,100.024,5,0,0,0,0,1,0,0,1,0
11.692,0,0,0,0,0,1,0,0,0,0,0,22.5,5,0,0,0,0,1,0,1,0,0
38.695,0,0,0,0,0,0,0,1,0,0,0,53.5,5,0,1,0,0,1,0,0,1,0
38.498,0,0,0,0,0,0,0,0,0,1,0,48,1,0,1,0,0,1,0,0,0,1
23.691,1,0,0,0,0,0,0,0,0,0,0,41.974,5,0,0,0,0,1,0,0,1,0
56.948,0,0,0,1,0,0,0,0,0,0,0,100.024,5,0,1,0,0,1,0,1,0,0
46.737,0,0,0,0,0,0,0,0,0,0,0,53.5,5,0,1,0,0,1,0,0,1,0
33.535,0,1,0,0,0,0,0,0,0,0,0,56.347,3,0,0,1,0,1,0,0,1,0
45.078,0,0,1,0,0,0,0,0,0,0,0,100.024,3,0,0,1,0,1,0,0,1,0
34.945,0,0,0,0,0,0,0,0,0,0,1,43.5,3,0,0,1,0,1,1,0,0,0
41.833,0,0,0,0,0,0,1,0,0,0,0,100.024,5,0,0,0,0,1,0,1,0,0
30.722,0,1,0,0,0,0,0,0,0,0,0,56.347,5,0,0,0,0,1,0,1,0,0
22.007,0,0,0,0,1,0,0,0,0,0,0,36,5,0,1,0,0,1,0,1,0,0
4.368,0,0,0,0,0,1,0,0,0,0,0,22.5,5,0,1,0,0,1,0,1,0,0
28.567,0,0,1,0,0,0,0,0,0,0,0,100.024,3,0,0,1,0,1,0,1,0,0
40.896,0,0,0,0,0,0,0,0,0,0,0,53.5,3,0,0,0,1,1,0,1,0,0
27.567,0,0,0,1,0,0,0,0,0,0,0,56.347,1,0,1,0,0,1,0,1,0,0
40.096,0,0,0,0,0,0,0,1,0,0,0,53.5,4,0,0,0,0,1,0,0,1,0
12.899,1,0,0,0,0,0,0,0,0,0,0,41.974,4,0,1,0,0,1,0,0,1,0
44.025,0,0,0,0,1,0,0,0,0,0,0,56.347,4,0,1,0,0,1,0,0,1,0
37.591,0,0,0,0,0,0,0,0,0,0,1,43.5,4,0,1,0,0,1,0,0,1,0
30.448,0,0,0,0,0,0,0,0,1,0,0,100.024,3,0,0,1,0,1,0,0,0,0
12.777,1,0,0,0,0,0,0,0,0,0,0,41.974,3,0,0,0,0,1,0,1,0,0
19.086,0,0,0,0,0,0,0,0,0,1,0,48,2,0,0,1,0,1,0,1,0,0
14.463,0,0,0,1,0,0,0,0,0,0,0,56.347,2,0,0,0,1,1,1,0,0,0
37.89,0,0,0,0,0,0,0,0,0,0,0,53.5,1,0,1,0,0,1,0,1,0,0
20.32,0,0,1,0,0,0,0,0,0,0,0,100.024,1,0,1,0,0,1,0,1,0,0
28.883,0,0,0,0,0,0,0,0,1,0,0,100.024,3,0,0,0,0,1,0,0,1,0
10.121,0,0,0,0,0,0,1,0,0,0,0,19,1,0,0,1,0,1,1,0,0,0
33.117,0,0,0,0,0,0,0,0,0,0,1,43.5,1,0,1,0,0,1,0,0,0,0
37.848,0,0,0,0,0,0,0,1,0,0,0,53.5,1,0,1,0,0,1,0,1,0,0
14.071,0,0,0,0,0,1,0,0,0,0,0,22.5,3,0,0,0,0,1,0,0,1,0
33.386,0,0,0,0,0,0,0,0,0,1,0,48,3,0,1,0,0,1,0,0,0,0
56.157,0,1,0,0,0,0,0,0,0,0,0,100.024,3,0,1,0,0,1,0,1,0,0
43.025,0,0,0,0,0,0,0,1,0,0,0,53.5,1,0,1,0,0,1,1,0,0,0
24.339,0,0,0,0,1,0,0,0,0,0,0,36,1,0,1,0,0,1,0,0,1,0
13.528,0,0,0,0,0,1,0,0,0,0,0,22.5,4,0,1,0,0,1,0,0,0,0
32.43,0,1,0,0,0,0,0,0,0,0,0,100.024,3,0,0,1,0,1,0,1,0,0
35.618,0,0,0,0,0,0,0,0,0,0,1,43.5,3,0,0,1,0,1,0,1,0,0
25.204,0,0,0,1,0,0,0,0,0,0,0,56.347,3,0,0,0,1,1,0,1,0,0
42.314,0,0,0,0,0,0,0,0,0,1,0,48,1,0,1,0,0,1,0,0,0,0
44.908,0,0,0,0,0,0,0,0,1,0,0,100.024,4,0,0,0,0,1,0,0,1,0
50.002,0,0,0,0,0,0,0,0,0,0,0,53.5,4,0,1,0,0,1,0,0,0,0
26.389,0,1,0,0,0,0,0,0,0,0,0,100.024,3,0,0,1,0,1,0,0,1,0
10.195,1,0,0,0,0,0,0,0,0,0,0,41.974,3,0,0,0,1,1,0,0,1,0
36.041,0,0,1,0,0,0,0,0,0,0,0,56.347,1,0,1,0,0,1,0,1,0,0
31.765,0,0,0,0,0,0,0,0,0,1,0,48,5,0,0,0,0,1,0,0,0,1
8.933,0,0,0,0,0,1,0,0,0,0,0,22.5,5,0,0,0,0,1,0,0,1,0
33.908,0,0,0,0,0,0,0,0,0,0,1,43.5,5,0,0,0,0,1,0,1,0,0
21.127,0,0,0,0,1,0,0,0,0,0,0,36,5,0,1,0,0,1,0,1,0,0
34.869,0,0,0,1,0,0,0,0,0,0,0,56.347,3,0,0,1,0,1,0,1,0,0
51.892,0,0,0,0,0,0,1,0,0,0,0,100.024,3,0,0,1,0,1,0,1,0,0
27.935,0,0,0,0,0,0,0,1,0,0,0,53.5,3,0,0,0,1,1,0,1,0,0
24.331,0,0,0,0,1,0,0,0,0,0,0,36,1,0,1,0,0,1,0,1,0,0
18.112,0,0,0,0,0,0,1,0,0,0,0,19,5,0,0,0,0,1,0,1,0,0
34.929,0,0,1,0,0,0,0,0,0,0,0,100.024,5,0,1,0,0,1,0,1,0,0
13.085,1,0,0,0,0,0,0,0,0,0,0,41.974,5,0,1,0,0,1,0,0,0,0
44.264,0,0,0,0,0,0,0,0,0,0,0,53.5,3,0,0,0,1,1,0,1,0,0
49.122,0,0,0,0,0,0,0,0,1,0,0,100.024,1,0,1,0,0,1,1,0,0,0
30.204,0,0,0,0,0,0,0,0,0,1,0,48,5,0,0,0,0,1,0,1,0,0
9.108,0,0,0,0,0,1,0,0,0,0,0,22.5,5,0,1,0,0,1,0,1,0,0
43.549,0,0,0,0,0,0,0,0,0,0,0,53.5,5,0,1,0,0,1,0,0,0,0
37.797,0,1,0,0,0,0,0,0,0,0,0,100.024,3,0,0,1,0,1,0,0,1,0
29.254,0,0,0,0,1,0,0,0,0,0,0,56.347,3,0,0,1,0,1,0,0,1,0
17.432,1,0,0,0,0,0,0,0,0,0,0,41.974,5,0,0,0,0,1,0,0,1,0
50.657,0,0,0,0,0,0,1,0,0,0,0,100.024,5,0,0,0,0,1,0,0,1,0
33.426,0,0,0,0,0,0,0,1,0,0,0,53.5,5,0,1,0,0,1,0,0,1,0
16.622,0,0,0,1,0,0,0,0,0,0,0,56.347,3,0,0,1,0,1,0,0,1,0
45.667,0,0,0,0,0,0,0,0,1,0,0,100.024,3,0,0,1,0,1,0,0,1,0
38.581,0,0,0,0,0,0,0,0,0,0,1,43.5,1,0,1,0,0,1,0,1,0,0
35.255,0,0,0,0,0,0,0,0,1,0,0,100.024,5,0,0,0,0,1,0,1,0,0
17.644,0,0,1,0,0,0,0,0,0,0,0,56.347,5,0,1,0,0,1,0,1,0,0
49.541,0,0,0,0,0,0,0,1,0,0,0,53.5,5,0,1,0,0,1,0,1,0,0
40.693,0,1,0,0,0,0,0,0,0,0,0,100.024,3,0,0,1,0,1,0,1,0,0
20.477,1,0,0,0,0,0,0,0,0,0,0,41.974,3,0,0,1,0,1,0,0,1,0
25.308,0,0,0,1,0,0,0,0,0,0,0,56.347,3,0,0,0,1,1,0,1,0,0
50.785,0,0,0,0,0,0,0,0,0,0,0,53.5,1,0,1,0,0,1,0,0,1,0
24.413,0,0,0,0,1,0,0,0,0,0,0,36,5,0,0,0,0,1,0,0,1,0
46.566,0,0,0,1,0,0,0,0,0,0,0,100.024,5,0,0,0,0,1,0,0,1,0
36.57,0,0,0,0,0,0,0,0,0,1,0,48,5,0,1,0,0,1,0,0,0,0
9.213,0,0,0,0,0,1,0,0,0,0,0,22.5,5,0,1,0,0,1,0,0,0,0
52.968,0,0,0,0,0,0,1,0,0,0,0,100.024,3,0,0,1,0,1,0,0,1,0
42.078,0,0,0,0,0,0,0,0,0,0,1,43.5,1,1,1,0,0,1,0,0,1,0
87.533,0,0,0,0,1,0,0,0,0,0,0,100.024,1,1,1,0,0,1,0,1,0,0
60.222,0,0,0,0,0,0,0,0,0,1,0,83.5,2,1,0,0,0,1,0,0,1,0
49.007,0,0,0,0,0,0,0,0,0,0,0,53.5,2,1,1,0,0,1,0,0,1,0
87.823,0,0,0,0,0,0,1,0,0,0,0,100.024,1,1,1,0,0,1,1,0,0,0
38.136,0,0,0,0,0,0,0,0,0,1,0,48,1,1,1,0,0,1,1,0,0,0
71.772,0,0,0,0,1,0,0,0,0,0,0,100.024,1,1,1,0,0,1,0,0,1,0
99.981,0,0,0,0,0,0,0,0,0,1,0,100.024,1,1,0,0,0,0,0,0,1,0
73.137,0,1,0,0,0,0,0,0,0,0,0,100.024,1,0,1,0,0,0,0,0,0,0
66.254,0,0,1,0,0,0,0,0,0,0,0,100.024,1,0,1,0,0,0,0,0,1,0
33.129,0,0,0,0,0,0,0,0,0,1,0,48,4,0,1,0,0,0,0,1,0,0
78.294,0,0,0,1,0,0,0,0,0,0,0,100.024,4,0,1,0,0,0,0,0,1,0
12.71,0,0,0,0,0,1,0,0,0,0,0,22.5,4,0,1,0,0,0,0,0,1,0
43.993,0,0,0,0,0,0,0,0,0,0,0,53.5,3,0,0,1,0,0,0,0,0,1
58.236,0,0,0,0,0,0,0,0,1,0,0,100.024,1,0,1,0,0,0,0,1,0,0
37.42,0,0,0,0,0,0,1,0,0,0,0,100.024,4,0,0,0,0,1,0,1,0,0
21.749,1,0,0,0,0,0,0,0,0,0,0,41.974,4,0,1,0,0,1,0,0,1,0
37.749,0,0,0,0,0,0,0,0,0,0,1,43.5,4,0,1,0,0,1,0,0,1,0
30.917,0,0,0,0,1,0,0,0,0,0,0,56.347,3,0,0,1,0,1,0,0,1,0
38.388,0,0,0,0,0,0,0,1,0,0,0,53.5,3,0,0,0,1,1,0,0,1,0
35.31,0,0,0,0,0,0,0,0,0,1,0,48,1,0,1,0,0,1,0,0,1,0
42.523,0,0,0,0,0,0,0,0,1,0,0,100.024,5,0,0,0,0,1,0,1,0,0
29.733,0,0,0,0,1,0,0,0,0,0,0,56.347,5,0,1,0,0,1,0,1,0,0
53.698,0,0,0,0,0,0,0,1,0,0,0,53.5,5,0,1,0,0,1,0,0,1,0
48.022,0,1,0,0,0,0,0,0,0,0,0,100.024,3,0,0,1,0,1,0,1,0,0
14.728,0,0,0,0,0,1,0,0,0,0,0,22.5,3,0,0,0,1,1,0,0,1,0
38.063,0,0,0,0,0,0,0,0,0,0,1,43.5,1,0,1,0,0,1,0,0,1,0
24.968,0,1,0,0,0,0,0,0,0,0,0,56.347,4,0,1,0,0,1,0,0,1,0
47.492,0,0,0,0,0,0,0,0,0,0,0,53.5,4,0,1,0,0,1,0,0,1,0
36.65,0,0,1,0,0,0,0,0,0,0,0,56.347,2,0,0,1,0,1,0,0,1,0
21.669,1,0,0,0,0,0,0,0,0,0,0,41.974,2,0,0,0,1,1,0,0,0,0
62.36,0,0,0,0,0,0,1,0,0,0,0,100.024,1,0,0,0,0,1,0,0,1,0
43.12,0,0,0,0,0,0,0,1,0,0,0,53.5,1,0,1,0,0,1,0,0,1,0
12.672,0,0,0,0,0,1,0,0,0,0,0,22.5,4,0,1,0,0,1,0,0,1,0
34.824,0,0,0,0,0,0,0,0,0,1,0,48,4,0,1,0,0,1,0,1,0,0
28.997,0,0,0,0,0,0,1,0,0,0,0,100.024,2,0,0,0,1,1,1,0,0,0
85.657,0,0,0,0,0,0,0,0,1,0,0,100.024,1,0,1,0,0,1,0,1,0,0
87.685,0,0,0,1,0,0,0,0,0,0,0,100.024,1,0,0,0,0,1,0,1,0,0
15.571,0,0,0,0,0,0,1,0,0,0,0,19,5,0,0,0,0,1,0,0,1,0
32.678,0,1,0,0,0,0,0,0,0,0,0,100.024,5,0,0,0,0,1,0,1,0,0
13.638,1,0,0,0,0,0,0,0,0,0,0,41.974,5,0,1,0,0,1,0,0,1,0
40.836,0,0,0,0,0,0,0,0,0,0,1,43.5,5,0,1,0,0,1,0,0,1,0
44.04,0,0,0,1,0,0,0,0,0,0,0,56.347,3,0,0,1,0,1,1,0,0,0
46.457,0,0,0,0,1,0,0,0,0,0,0,100.024,3,0,0,1,0,1,1,0,0,0
51.069,0,0,0,0,0,0,0,0,0,0,0,53.5,3,0,0,0,1,1,0,0,1,0
70.279,0,0,1,0,0,0,0,0,0,0,0,100.024,5,0,0,0,0,1,0,1,0,0
38.333,0,0,0,0,0,0,0,1,0,0,0,53.5,5,0,1,0,0,1,0,0,1,0
13.648,0,0,0,0,0,1,0,0,0,0,0,22.5,5,0,1,0,0,1,0,0,1,0
25.619,0,0,0,0,0,0,0,0,0,1,0,48,3,0,0,1,0,1,0,0,1,0
38.934,0,0,0,0,0,0,0,0,0,0,1,43.5,1,0,1,0,0,1,0,0,1,0
10.553,0,0,0,0,0,0,1,0,0,0,0,19,5,0,0,0,0,1,0,1,0,0
57.173,0,0,0,1,0,0,0,0,0,0,0,100.024,5,0,1,0,0,1,0,0,1,0
47.882,0,0,0,0,0,0,0,0,0,0,0,53.5,5,0,1,0,0,1,0,0,1,0
10.118,0,0,0,0,0,1,0,0,0,0,0,12,3,0,0,1,0,1,0,0,1,0
31.2,0,0,0,0,0,0,0,0,1,0,0,100.024,3,0,0,1,0,1,0,0,1,0
30.275,0,0,0,0,1,0,0,0,0,0,0,36,1,0,1,0,0,1,0,1,0,0
13.802,1,0,0,0,0,0,0,0,0,0,0,41.974,4,0,1,0,0,1,0,0,1,0
54.252,0,0,1,0,0,0,0,0,0,0,0,100.024,4,0,1,0,0,1,0,0,1,0
36.403,0,0,0,1,0,0,0,0,0,0,0,56.347,3,0,0,1,0,1,0,0,1,0
24.909,0,0,0,0,1,0,0,0,0,0,0,36,1,0,1,0,0,1,0,1,0,0
36.221,0,0,0,0,0,0,0,0,0,1,0,48,1,0,1,0,0,1,0,0,1,0
85.565,0,0,0,0,0,0,0,0,1,0,0,100.024,4,0,1,0,0,1,0,0,1,0
42.415,0,0,0,0,0,0,0,0,0,0,0,53.5,4,0,1,0,0,1,0,0,1,0
32.75,0,0,1,0,0,0,0,0,0,0,0,100.024,3,0,0,1,0,1,0,1,0,0
32.802,0,1,0,0,0,0,0,0,0,0,0,56.347,3,0,0,1,0,1,0,1,0,0
37.057,0,0,0,0,0,0,0,0,0,0,1,43.5,3,0,0,1,0,1,0,0,1,0
37.91,0,0,0,0,0,0,0,1,0,0,0,53.5,1,0,1,0,0,1,0,0,1,0
30.458,0,0,0,0,1,0,0,0,0,0,0,36,1,0,1,0,0,1,1,0,0,0
11.402,0,0,0,0,0,1,0,0,0,0,0,22.5,3,0,0,0,0,1,0,0,1,0
20.692,0,0,0,0,0,0,0,0,0,1,0,48,1,0,1,0,0,1,0,1,0,0
46.082,0,0,0,0,0,0,0,0,0,0,0,53.5,1,0,1,0,0,1,0,0,1,0
27.392,0,0,0,0,0,0,1,0,0,0,0,100.024,3,0,0,0,0,1,1,0,0,0
11.742,1,0,0,0,0,0,0,0,0,0,0,41.974,3,0,1,0,0,1,0,1,0,0
34.022,0,0,0,1,0,0,0,0,0,0,0,56.347,3,0,1,0,0,1,0,0,0,0
23.194,0,1,0,0,0,0,0,0,0,0,0,56.347,1,0,0,1,0,1,0,0,1,0
35.719,0,0,0,0,0,0,0,0,0,0,1,43.5,1,0,1,0,0,1,0,0,1,0
58.721,0,0,0,0,0,0,0,0,1,0,0,100.024,3,0,0,0,0,1,0,0,1,0
31.772,0,0,0,0,0,0,0,1,0,0,0,53.5,3,0,1,0,0,1,0,0,1,0
11.936,0,0,0,0,0,1,0,0,0,0,0,22.5,3,0,1,0,0,1,0,1,0,0
45.312,0,0,0,0,0,0,0,0,0,0,0,53.5,1,0,1,0,0,1,0,0,1,0
34.575,0,0,0,0,0,0,0,0,0,1,0,48,1,0,1,0,0,1,0,0,1,0
35.933,0,0,1,0,0,0,0,0,0,0,0,100.024,4,0,0,0,0,1,0,0,1,0
11.455,1,0,0,0,0,0,0,0,0,0,0,41.974,4,0,1,0,0,1,0,0,0,0
36.622,0,0,0,0,0,0,0,0,0,0,1,43.5,4,0,1,0,0,1,0,0,1,0
29.928,0,0,0,0,1,0,0,0,0,0,0,36,3,0,0,1,0,1,0,1,0,0
64.448,0,0,0,0,0,0,0,0,1,0,0,100.024,3,0,0,1,0,1,0,1,0,0
33.433,0,1,0,0,0,0,0,0,0,0,0,100.024,5,0,0,0,0,1,0,0,1,0
12.779,0,0,0,0,0,1,0,0,0,0,0,22.5,5,0,1,0,0,1,0,0,0,0
39.979,0,0,0,0,0,0,0,1,0,0,0,53.5,5,0,1,0,0,1,0,0,1,0
41.246,0,0,0,1,0,0,0,0,0,0,0,56.347,3,0,0,1,0,1,0,0,1,0
56.593,0,0,0,0,0,0,1,0,0,0,0,100.024,3,0,0,1,0,1,0,0,0,0
41.948,0,0,0,0,0,0,0,0,0,0,0,53.5,1,0,1,0,0,1,0,0,1,0
12.156,0,0,0,0,0,0,1,0,0,0,0,19,5,0,0,0,0,1,1,0,0,0
63.537,0,0,1,0,0,0,0,0,0,0,0,100.024,5,0,0,0,0,1,0,1,0,0
32.987,0,0,0,0,0,0,0,0,0,1,0,48,5,0,1,0,0,1,0,0,1,0
18.769,1,0,0,0,0,0,0,0,0,0,0,41.974,5,0,1,0,0,1,0,0,1,0
47.266,0,1,0,0,0,0,0,0,0,0,0,100.024,3,0,0,1,0,1,0,0,1,0
36.766,0,0,0,0,0,0,0,0,0,0,1,43.5,3,0,0,1,0,1,0,0,1,0
70.345,0,0,0,0,1,0,0,0,0,0,0,100.024,5,0,0,0,0,1,0,0,1,0
34.138,0,0,0,0,0,0,0,1,0,0,0,53.5,5,0,0,0,0,1,0,0,1,0
17.275,0,0,0,0,0,1,0,0,0,0,0,22.5,5,0,1,0,0,1,0,1,0,0
28.188,0,0,0,0,0,0,0,0,1,0,0,56.347,3,0,0,1,0,1,0,0,1,0
35.157,0,1,0,0,0,0,0,0,0,0,0,100.024,3,0,0,1,0,1,0,0,1,0
50.464,0,0,0,0,0,0,0,0,0,0,0,53.5,1,0,1,0,0,1,0,0,1,0
40.359,0,0,0,1,0,0,0,0,0,0,0,56.347,5,0,0,0,0,1,0,0,1,0
35.773,0,0,0,0,0,0,0,0,0,1,0,48,5,0,1,0,0,1,0,0,0,0
33.467,0,0,0,0,0,0,0,0,1,0,0,100.024,3,0,0,1,0,1,0,1,0,0
22.927,0,0,1,0,0,0,0,0,0,0,0,56.347,3,0,0,1,0,1,0,1,0,0
18.847,1,0,0,0,0,0,0,0,0,0,0,41.974,3,0,0,0,1,1,0,0,0,0
52.181,0,0,0,0,0,0,1,0,0,0,0,100.024,1,0,1,0,0,1,0,0,1,0
30.335,0,0,0,0,0,0,0,1,0,0,0,53.5,5,0,1,0,0,1,0,0,1,0
35.46,0,1,0,0,0,0,0,0,0,0,0,56.347,5,0,1,0,0,1,0,1,0,0
16.207,0,0,0,0,0,1,0,0,0,0,0,22.5,5,0,1,0,0,1,0,0,0,0
33.269,0,0,1,0,0,0,0,0,0,0,0,100.024,3,0,0,1,0,1,0,1,0,0
32.652,0,0,0,0,0,0,0,0,0,0,1,43.5,3,0,0,1,0,1,0,0,1,0
30.833,0,0,0,0,1,0,0,0,0,0,0,36,1,0,1,0,0,1,0,1,0,0
58.562,0,0,0,1,0,0,0,0,0,0,0,100.024,5,0,0,0,0,1,0,1,0,0
16.148,1,0,0,0,0,0,0,0,0,0,0,41.974,5,0,1,0,0,1,0,0,0,0
58.342,0,0,0,0,0,0,0,0,1,0,0,100.024,3,0,0,1,0,1,0,1,0,0
45.028,0,0,0,0,0,0,0,0,0,0,0,53.5,3,0,0,0,1,1,0,0,1,0
39.281,0,0,0,0,0,0,0,0,0,1,0,48,5,0,0,0,0,1,0,0,1,0
32.266,0,0,0,0,1,0,0,0,0,0,0,36,5,0,0,0,0,1,0,1,0,0
17.772,1,0,0,0,0,0,0,0,0,0,0,41.974,5,0,1,0,0,1,0,0,0,0
38.487,0,0,0,1,0,0,0,0,0,0,0,56.347,5,0,1,0,0,1,0,1,0,0
30.491,0,0,0,0,0,0,0,0,0,0,1,43.5,5,0,1,0,0,1,0,0,1,0
14.509,0,0,0,0,0,0,1,0,0,0,0,19,3,0,0,1,0,1,0,0,1,0
37.533,0,0,0,0,0,0,0,1,0,0,0,53.5,3,0,0,0,1,1,0,0,1,0
51.466,0,0,0,0,0,0,0,0,0,0,0,53.5,1,0,1,0,0,1,0,0,1,0
47.889,0,0,1,0,0,0,0,0,0,0,0,100.024,5,0,0,0,0,1,0,1,0,0
35.799,0,1,0,0,0,0,0,0,0,0,0,56.347,5,0,1,0,0,1,0,0,1,0
16.817,0,0,0,0,0,1,0,0,0,0,0,22.5,5,0,1,0,0,1,0,0,1,0
48.09,0,0,0,0,0,0,1,0,0,0,0,56.347,1,0,1,0,0,1,1,0,0,0
51.223,0,0,1,0,0,0,0,0,0,0,0,100.024,5,0,0,0,0,1,1,0,0,0
15.416,1,0,0,0,0,0,0,0,0,0,0,41.974,5,0,0,0,0,1,0,0,1,0
38.965,0,0,0,0,0,0,0,0,0,1,0,48,5,0,1,0,0,1,0,0,0,0
30.087,0,0,0,0,1,0,0,0,0,0,0,36,5,0,1,0,0,1,0,1,0,0
34.288,0,0,0,0,0,0,0,1,0,0,0,53.5,5,0,1,0,0,1,0,0,1,0
42.665,0,0,0,1,0,0,0,0,0,0,0,56.347,3,0,0,1,0,1,0,1,0,0
69.104,0,0,0,0,0,0,0,0,1,0,0,100.024,3,0,0,1,0,1,0,1,0,0
39.367,0,0,0,0,0,0,0,0,0,0,1,43.5,3,0,0,1,0,1,0,0,1,0
52.805,0,0,0,0,0,0,0,0,0,0,0,53.5,1,1,1,0,0,1,0,0,1,0
95.028,0,0,0,0,1,0,0,0,0,0,0,100.024,1,1,1,0,0,1,0,1,0,0
46.323,0,0,0,0,0,0,0,0,0,1,0,48,2,1,1,0,0,1,0,0,1,0
41.172,0,0,0,0,0,0,0,1,0,0,0,53.5,2,1,1,0,0,1,0,0,1,0
55.529,0,0,0,0,1,0,0,0,0,0,0,100.024,1,1,1,0,0,1,0,1,0,0
53.817,0,0,0,0,0,0,0,0,0,0,0,53.5,1,1,1,0,0,1,0,0,1,0
94.258,0,0,0,0,0,0,0,0,1,0,0,100.024,1,1,1,0,0,1,0,0,1,0
100.021,0,0,0,0,0,0,0,0,0,0,0,100.024,1,1,0,0,0,1,0,0,1,0
90.151,0,0,0,0,0,0,0,0,1,0,0,100.024,1,0,1,0,0,0,0,0,0,0
43.016,0,0,0,1,0,0,0,0,0,0,0,56.347,1,0,1,0,0,0,0,0,1,0
38.324,0,0,0,0,0,0,0,1,0,0,0,53.5,4,0,1,0,0,0,0,0,1,0
58.051,0,0,0,0,0,0,1,0,0,0,0,100.024,4,0,1,0,0,0,0,1,0,0
3.722,0,0,0,0,0,1,0,0,0,0,0,13.5,4,0,1,0,0,0,0,0,1,0
53.553,0,0,0,0,0,0,0,0,0,0,1,61.266,3,0,0,0,1,0,0,0,1,0
49.743,0,0,0,0,0,0,0,0,0,0,0,53.5,1,0,1,0,0,0,0,0,1,0
28.025,0,1,0,0,0,0,0,0,0,0,0,56.347,4,0,0,0,0,0,0,0,0,0
30.941,0,0,1,0,0,0,0,0,0,0,0,100.024,4,0,1,0,0,0,0,0,0,0
17.141,1,0,0,0,0,0,0,0,0,0,0,41.974,4,0,1,0,0,0,0,0,1,0
34.636,0,0,0,0,0,0,0,0,0,1,0,48,2,0,0,0,1,1,0,0,1,0
73.189,0,0,0,0,1,0,0,0,0,0,0,100.024,1,0,0,0,0,1,0,0,1,0
68.548,0,1,0,0,0,0,0,0,0,0,0,100.024,1,0,1,0,0,1,0,0,1,0
36.363,0,0,0,0,0,0,0,1,0,0,0,53.5,5,0,0,0,0,1,0,0,1,0
33.388,0,0,0,0,0,1,0,0,0,0,0,61.266,5,0,0,0,0,1,0,0,1,0
34.711,0,0,0,0,0,0,0,0,0,1,0,48,5,0,1,0,0,1,0,0,0,0
70.701,0,0,0,0,0,0,0,0,1,0,0,100.024,3,0,0,1,0,1,0,0,1,0
54.535,0,0,0,0,0,0,0,0,0,0,1,61.266,3,0,0,1,0,1,0,0,1,0
45.495,0,0,0,0,0,0,0,0,0,0,0,53.5,1,0,1,0,0,1,0,0,1,0
32.87,0,0,0,0,0,0,0,0,1,0,0,100.024,5,0,0,0,0,1,0,1,0,0
51.774,0,0,0,0,0,0,0,0,0,0,1,61.266,5,0,1,0,0,1,0,0,1,0
30.9,0,0,0,1,0,0,0,0,0,0,0,56.347,3,0,0,1,0,1,0,1,0,0
41.973,0,0,0,0,0,0,1,0,0,0,0,100.024,3,0,0,1,0,1,1,0,0,0
27.338,0,0,0,0,1,0,0,0,0,0,0,36,3,0,0,0,1,1,1,0,0,0
38.017,0,0,0,0,0,0,0,0,0,1,0,48,1,0,1,0,0,1,0,0,1,0
27.9,0,1,0,0,0,0,0,0,0,0,0,100.024,4,0,1,0,0,1,1,0,0,0
45.372,0,0,0,0,0,0,0,1,0,0,0,53.5,4,0,1,0,0,1,0,0,1,0
16.087,1,0,0,0,0,0,0,0,0,0,0,41.974,2,0,0,0,1,1,0,1,0,0
91.44,0,0,1,0,0,0,0,0,0,0,0,100.024,1,0,0,0,0,1,0,1,0,0
31.036,0,0,0,0,1,0,0,0,0,0,0,36,5,0,0,0,0,1,0,0,1,0
15.741,0,0,0,0,0,0,1,0,0,0,0,19,5,0,1,0,0,1,0,0,1,0
44.835,0,0,0,0,0,0,0,0,0,0,0,53.5,5,0,1,0,0,1,0,0,1,0
35.964,0,0,0,1,0,0,0,0,0,0,0,56.347,3,0,0,1,0,1,0,0,1,0
72.157,0,0,1,0,0,0,0,0,0,0,0,100.024,3,0,0,1,0,1,0,0,1,0
25.079,0,0,0,0,1,0,0,0,0,0,0,36,1,0,1,0,0,1,0,0,0,1
53.018,0,0,0,1,0,0,0,0,0,0,0,100.024,5,0,0,0,0,1,0,0,1,0
50.516,0,0,0,0,0,0,0,0,0,0,1,61.266,5,0,0,0,0,1,0,0,1,0
29.124,0,0,0,0,0,0,0,0,0,1,0,48,5,0,1,0,0,1,0,0,1,0
47.422,0,0,0,0,0,0,0,0,0,0,0,53.5,5,0,1,0,0,1,0,0,1,0
43.24,0,0,0,0,0,0,0,0,1,0,0,100.024,3,0,0,1,0,1,0,0,1,0
21.85,1,0,0,0,0,0,0,0,0,0,0,41.974,3,0,0,0,1,1,0,0,1,0
32.784,0,0,0,0,0,0,1,0,0,0,0,100.024,1,0,1,0,0,1,0,1,0,0
44.669,0,1,0,0,0,0,0,0,0,0,0,100.024,6,0,0,0,0,1,0,1,0,0
6.06,0,0,0,0,0,1,0,0,0,0,0,41.974,6,0,1,0,0,1,0,0,1,0
50.967,0,0,0,0,0,0,0,1,0,0,0,53.5,6,0,1,0,0,1,0,0,1,0
44.602,0,0,1,0,0,0,0,0,0,0,0,100.024,2,0,0,1,0,1,0,1,0,0
39.407,0,0,0,0,0,0,0,0,0,0,0,53.5,1,0,1,0,0,1,0,0,1,0
10.689,0,0,0,0,0,1,0,0,0,0,0,12,5,0,0,0,0,1,0,0,1,0
50.228,0,0,0,1,0,0,0,0,0,0,0,100.024,5,0,1,0,0,1,1,0,0,0
27.481,0,0,0,0,0,0,0,0,0,1,0,48,5,0,1,0,0,1,0,0,1,0
44.142,0,1,0,0,0,0,0,0,0,0,0,100.024,3,0,0,1,0,1,0,1,0,0
20.628,1,0,0,0,0,0,0,0,0,0,0,41.974,3,0,0,1,0,1,0,0,1,0
57.616,0,0,0,0,0,0,0,0,0,0,1,61.266,3,0,0,1,0,1,0,0,1,0
37.985,0,0,1,0,0,0,0,0,0,0,0,56.347,1,0,1,0,0,1,0,0,1,0
48.85,0,0,0,0,0,0,0,0,1,0,0,100.024,4,0,0,0,0,1,0,0,1,0
18.702,1,0,0,0,0,0,0,0,0,0,0,41.974,4,0,1,0,0,1,0,1,0,0
31.09,0,0,0,0,1,0,0,0,0,0,0,36,4,0,1,0,0,1,0,0,1,0
28.077,0,0,0,0,0,0,1,0,0,0,0,56.347,3,0,0,1,0,1,0,0,1,0
27.351,0,0,0,0,0,0,0,0,0,1,0,48,1,0,1,0,0,1,0,1,0,0
13.007,0,0,0,0,0,0,1,0,0,0,0,19,5,0,0,0,0,1,0,0,1,0
17.49,0,0,0,0,0,1,0,0,0,0,0,22.5,5,0,1,0,0,1,0,0,1,0
81.046,0,0,0,1,0,0,0,0,0,0,0,100.024,5,0,1,0,0,1,0,0,1,0
54.188,0,0,0,0,0,0,0,0,0,0,1,61.266,5,0,1,0,0,1,0,0,1,0
34.542,0,0,1,0,0,0,0,0,0,0,0,100.024,3,0,0,1,0,1,0,0,1,0
44.12,0,0,0,0,0,0,0,0,0,0,0,53.5,3,0,0,0,1,1,0,0,1,0
39.936,0,0,0,0,0,0,0,1,0,0,0,53.5,1,0,1,0,0,1,0,0,1,0
31.265,0,0,0,0,1,0,0,0,0,0,0,36,3,0,0,0,0,1,0,0,1,0
20.476,1,0,0,0,0,0,0,0,0,0,0,41.974,2,0,0,1,0,1,0,0,1,0
26.137,0,0,0,0,0,0,0,1,0,0,0,53.5,1,0,1,0,0,1,0,0,1,0
36.402,0,0,0,0,0,0,0,0,0,1,0,48,1,0,1,0,0,1,0,0,0,1
21.43,0,1,0,0,0,0,0,0,0,0,0,56.347,3,0,0,0,0,1,0,1,0,0
10.181,0,0,0,0,0,1,0,0,0,0,0,22.5,3,0,1,0,0,1,0,0,1,0
26.693,0,0,0,0,0,0,1,0,0,0,0,100.024,3,0,1,0,0,1,0,1,0,0
46.423,0,0,0,0,1,0,0,0,0,0,0,100.024,1,0,0,1,0,1,0,1,0,0
51.409,0,0,0,0,0,0,0,0,0,0,1,61.266,1,0,1,0,0,1,0,0,1,0
40.751,0,0,0,0,0,0,0,1,0,0,0,53.5,1,0,1,0,0,1,0,0,1,0
9.007,0,0,0,0,0,0,1,0,0,0,0,19,3,0,0,0,0,1,0,0,1,0
11.267,1,0,0,0,0,0,0,0,0,0,0,41.974,3,0,1,0,0,1,0,0,1,0
53.706,0,0,1,0,0,0,0,0,0,0,0,100.024,1,0,0,1,0,1,0,1,0,0
43.519,0,0,0,0,0,0,0,0,1,0,0,56.347,1,0,1,0,0,1,1,0,0,0
26.562,0,1,0,0,0,0,0,0,0,0,0,100.024,4,0,0,0,0,1,0,1,0,0
44.771,0,0,0,0,0,0,0,0,0,0,0,53.5,4,0,1,0,0,1,0,0,1,0
13.637,0,0,0,0,0,1,0,0,0,0,0,22.5,4,0,1,0,0,1,0,0,1,0
45.58,0,0,0,1,0,0,0,0,0,0,0,56.347,3,0,0,1,0,1,0,0,1,0
34.363,0,0,0,0,0,0,0,0,0,1,0,48,1,0,1,0,0,1,0,0,1,0
54.934,0,0,0,0,0,0,0,0,1,0,0,100.024,1,0,1,0,0,1,0,1,0,0
21.074,1,0,0,0,0,0,0,0,0,0,0,41.974,4,0,0,0,0,1,0,1,0,0
36.253,0,0,0,0,0,0,0,1,0,0,0,53.5,4,0,1,0,0,1,0,0,1,0
69.868,0,0,0,1,0,0,0,0,0,0,0,100.024,3,0,0,1,0,1,0,1,0,0
52.105,0,0,0,0,0,0,0,0,0,0,1,61.266,3,0,0,1,0,1,0,0,1,0
46.095,0,0,0,0,0,0,0,0,0,0,0,53.5,1,0,1,0,0,1,0,0,1,0
12.557,0,0,0,0,0,0,1,0,0,0,0,19,4,0,0,0,0,1,1,0,0,0
13.061,0,0,0,0,0,1,0,0,0,0,0,22.5,4,0,1,0,0,1,0,0,1,0
53.439,0,0,1,0,0,0,0,0,0,0,0,100.024,3,0,0,1,0,1,0,0,1,0
50.393,0,0,1,0,0,0,0,0,0,0,0,100.024,5,0,0,0,0,1,0,0,1,0
32.565,0,0,0,0,0,0,0,0,0,1,0,48,5,0,0,0,0,1,0,0,1,0
31.564,0,0,0,1,0,0,0,0,0,0,0,56.347,5,0,1,0,0,1,0,0,1,0
20.475,1,0,0,0,0,0,0,0,0,0,0,41.974,5,0,1,0,0,1,0,0,1,0
30.125,0,0,0,0,1,0,0,0,0,0,0,36,5,0,1,0,0,1,0,0,1,0
30.405,0,1,0,0,0,0,0,0,0,0,0,56.347,3,0,0,1,0,1,0,0,1,0
46.854,0,0,0,0,0,0,0,0,0,0,1,61.266,3,0,0,1,0,1,0,0,1,0
34.693,0,0,0,0,0,0,0,1,0,0,0,53.5,3,0,0,0,1,1,0,0,1,0
42.251,0,0,0,1,0,0,0,0,0,0,0,56.347,1,0,1,0,0,1,0,0,1,0
88.18,0,0,0,0,0,0,0,0,1,0,0,100.024,5,0,0,0,0,1,0,1,0,0
28.226,0,0,0,0,1,0,0,0,0,0,0,36,5,0,0,0,0,1,0,1,0,0
10.776,0,0,0,0,0,1,0,0,0,0,0,22.5,5,0,1,0,0,1,0,0,1,0
45.88,0,0,0,0,0,0,0,0,0,0,0,53.5,5,0,1,0,0,1,0,0,1,0
67.054,0,0,0,0,0,0,0,0,1,0,0,100.024,1,0,1,0,0,1,0,1,0,0
68.857,0,0,0,0,0,0,1,0,0,0,0,100.024,5,0,0,0,0,1,0,0,1,0
18.395,1,0,0,0,0,0,0,0,0,0,0,41.974,5,0,0,0,0,1,0,0,1,0
50.377,0,0,0,0,0,0,0,0,0,0,0,53.5,5,0,1,0,0,1,0,0,1,0
39.238,0,0,0,0,0,0,0,0,0,1,0,48,5,0,1,0,0,1,0,0,1,0
16.697,0,1,0,0,0,0,0,0,0,0,0,56.347,3,0,0,1,0,1,0,0,1,0
57.375,0,0,0,0,0,0,0,0,0,0,1,61.266,3,0,0,1,0,1,0,0,1,0
37.483,0,0,0,1,0,0,0,0,0,0,0,56.347,1,0,1,0,0,1,0,1,0,0
59.529,0,0,0,0,0,0,1,0,0,0,0,100.024,5,0,0,0,0,1,0,1,0,0
18.102,0,0,0,0,0,1,0,0,0,0,0,22.5,5,0,0,0,0,1,0,0,1,0
32.534,0,0,0,0,0,0,0,1,0,0,0,53.5,5,0,1,0,0,1,0,0,1,0
33.39,0,0,1,0,0,0,0,0,0,0,0,56.347,5,0,1,0,0,1,0,1,0,0
76.424,0,0,0,0,0,0,0,0,1,0,0,100.024,1,0,1,0,0,1,0,0,1,0
46.286,0,0,1,0,0,0,0,0,0,0,0,100.024,5,0,0,0,0,1,0,1,0,0
24.507,0,0,0,0,1,0,0,0,0,0,0,36,5,0,0,0,0,1,0,1,0,0
11.907,0,0,0,0,0,1,0,0,0,0,0,22.5,5,0,1,0,0,1,0,0,1,0
24.143,0,1,0,0,0,0,0,0,0,0,0,56.347,3,0,0,1,0,1,0,1,0,0
55.824,0,0,0,0,0,0,0,0,0,0,1,61.266,3,0,0,1,0,1,0,0,1,0
41.444,0,0,0,0,0,0,0,0,0,0,0,53.5,3,0,0,0,1,1,0,0,1,0
39.168,0,0,0,0,0,0,0,1,0,0,0,53.5,1,0,1,0,0,1,0,0,1,0
28.004,0,0,0,0,1,0,0,0,0,0,0,36,5,0,0,0,0,1,0,0,1,0
56.998,0,0,0,0,0,0,0,0,1,0,0,100.024,5,0,0,0,0,1,0,0,1,0
17,0,1,0,0,0,0,0,0,0,0,0,56.347,5,0,1,0,0,1,0,0,1,0
39.66,0,0,0,0,0,0,0,0,0,1,0,48,5,0,1,0,0,1,0,1,0,0
16.367,1,0,0,0,0,0,0,0,0,0,0,41.974,3,0,0,1,0,1,0,1,0,0
91.446,0,0,0,0,0,0,0,0,1,0,0,100.024,1,1,1,0,0,1,0,1,0,0
40.35,0,0,0,0,0,0,0,0,0,1,0,48,2,1,1,0,0,1,0,1,0,0
59.585,0,0,0,0,0,0,0,0,0,0,1,61.266,2,1,1,0,0,1,0,0,1,0
90.152,0,0,0,0,0,0,1,0,0,0,0,100.024,1,1,1,0,0,1,0,0,1,0
72.504,0,0,1,0,0,0,0,0,0,0,0,100.024,1,1,1,0,0,1,0,1,0,0
94.959,0,0,0,0,0,0,0,0,1,0,0,100.024,1,1,1,0,0,1,1,0,0,0
59.608,0,0,0,0,0,0,0,0,0,0,1,61.266,1,1,0,0,0,1,0,0,1,0
100.022,0,0,0,0,0,0,0,0,0,0,1,100.024,1,1,0,0,0,1,0,0,1,0
85.016,0,1,0,0,0,0,0,0,0,0,0,100.024,1,0,1,0,0,0,1,0,0,0
78.017,0,0,1,0,0,0,0,0,0,0,0,100.024,1,0,1,0,0,0,0,0,1,0
50.18,0,0,0,0,0,0,0,0,0,0,0,53.5,4,0,1,0,0,0,0,0,1,0
20.029,1,0,0,0,0,0,0,0,0,0,0,41.974,4,0,1,0,0,0,0,0,1,0
70.699,0,0,0,0,0,0,0,0,1,0,0,100.024,1,0,1,0,0,0,0,0,1,0
32.575,0,0,0,0,0,0,0,0,0,1,0,48,1,0,1,0,0,0,0,1,0,0
41.552,0,0,0,0,0,0,0,1,0,0,0,53.5,4,0,1,0,0,0,0,0,1,0
44.252,0,0,0,1,0,0,0,0,0,0,0,56.347,4,0,1,0,0,0,0,1,0,0
27.561,0,0,0,0,1,0,0,0,0,0,0,36,4,0,1,0,0,0,0,1,0,0
54.985,0,0,0,0,0,0,0,0,0,0,1,61.266,4,0,1,0,0,0,0,0,1,0
39.368,0,0,0,0,0,0,1,0,0,0,0,100.024,3,0,0,1,0,0,0,1,0,0
10.119,0,0,0,0,0,1,0,0,0,0,0,22.5,3,0,0,1,0,0,0,0,1,0
45.631,0,0,0,0,0,0,0,0,0,0,0,53.5,1,0,1,0,0,1,0,0,1,0
39.29,0,1,0,0,0,0,0,0,0,0,0,56.347,4,0,0,0,0,1,0,1,0,0
60.878,0,0,1,0,0,0,0,0,0,0,0,100.024,4,0,1,0,0,1,0,1,0,0
19.958,1,0,0,0,0,0,0,0,0,0,0,41.974,4,0,1,0,0,1,0,0,1,0
36.174,0,0,0,0,0,0,1,0,0,0,0,100.024,3,0,0,1,0,1,0,0,1,0
26.669,0,0,0,0,0,0,0,0,0,1,0,48,1,0,1,0,0,1,0,0,1,0
59.257,0,0,1,0,0,0,0,0,0,0,0,100.024,1,0,1,0,0,1,0,0,1,0
28.78,0,0,0,0,1,0,0,0,0,0,0,36,5,0,0,0,0,1,0,1,0,0
48.289,0,0,0,1,0,0,0,0,0,0,0,100.024,5,0,0,0,0,1,1,0,0,0
38.864,0,0,0,0,0,0,0,1,0,0,0,53.5,5,0,1,0,0,1,0,0,1,0
58.219,0,0,0,0,0,0,0,0,0,0,1,61.266,5,0,1,0,0,1,0,0,1,0
14.176,0,0,0,0,0,1,0,0,0,0,0,22.5,2,0,0,1,0,1,0,1,0,0
34.017,1,0,0,0,0,0,0,0,0,0,0,41.974,1,0,1,0,0,1,0,1,0,0
49.29,0,0,0,0,0,0,0,0,0,0,1,61.266,2,0,1,0,0,1,0,0,1,0
40.053,0,0,0,0,0,0,0,0,1,0,0,56.347,3,0,1,0,0,1,0,0,1,0
40.847,0,0,0,0,0,0,0,0,0,0,0,53.5,2,0,0,0,1,1,0,0,1,0
66.347,0,0,0,0,0,0,1,0,0,0,0,100.024,1,0,0,0,0,1,0,1,0,0
72.704,0,0,0,0,0,0,0,0,1,0,0,100.024,1,0,1,0,0,1,0,1,0,0
92.241,0,0,0,1,0,0,0,0,0,0,0,100.024,1,0,0,0,0,1,0,0,1,0
36.099,0,0,0,0,0,0,0,1,0,0,0,53.5,1,0,1,0,0,1,0,0,1,0
13.694,0,0,0,0,0,1,0,0,0,0,0,22.5,4,0,0,0,0,1,0,0,1,0
29.78,0,0,0,0,0,0,0,0,0,1,0,48,4,0,1,0,0,1,0,0,1,0
15.888,0,0,0,0,0,0,1,0,0,0,0,19,2,0,0,1,0,1,0,0,1,0
28.085,0,0,0,0,1,0,0,0,0,0,0,36,2,0,0,0,1,1,0,1,0,0
37.559,0,0,1,0,0,0,0,0,0,0,0,56.347,1,0,1,0,0,1,0,0,1,0
20.075,1,0,0,0,0,0,0,0,0,0,0,41.974,5,0,1,0,0,1,0,1,0,0
47.497,0,0,0,0,0,0,0,0,0,0,1,61.266,5,0,1,0,0,1,0,0,1,0
42.43,0,1,0,0,0,0,0,0,0,0,0,56.347,3,0,0,1,0,1,0,1,0,0
63.527,0,0,0,0,1,0,0,0,0,0,0,100.024,3,0,0,1,0,1,0,1,0,0
42.383,0,0,0,0,0,0,0,0,0,0,0,53.5,3,0,0,0,1,1,0,0,1,0
26.502,0,0,0,0,0,0,0,0,0,1,0,48,1,0,1,0,0,1,0,0,1,0
69.289,0,1,0,0,0,0,0,0,0,0,0,100.024,5,0,0,0,0,1,0,1,0,0
9.765,0,0,0,0,0,1,0,0,0,0,0,22.5,5,0,1,0,0,1,0,0,1,0
49.675,0,0,0,0,0,0,0,1,0,0,0,53.5,5,0,1,0,0,1,0,0,1,0
14.636,0,0,0,0,0,0,1,0,0,0,0,100.024,3,0,0,1,0,1,1,0,0,0
51.162,0,0,0,0,0,0,0,0,0,0,1,61.266,1,0,1,0,0,1,0,0,1,0
60.702,0,0,1,0,0,0,0,0,0,0,0,100.024,5,0,0,0,0,1,0,0,1,0
20.405,1,0,0,0,0,0,0,0,0,0,0,41.974,5,0,0,0,0,1,0,1,0,0
31.373,0,0,0,0,1,0,0,0,0,0,0,36,5,0,1,0,0,1,0,0,1,0
29.176,0,0,0,1,0,0,0,0,0,0,0,56.347,5,0,1,0,0,1,0,0,1,0
26.129,0,0,0,0,0,0,0,1,0,0,0,53.5,3,0,0,1,0,1,0,0,1,0
64.936,0,0,0,0,0,0,0,0,1,0,0,100.024,3,0,0,1,0,1,0,0,1,0
34.649,0,0,0,0,0,0,0,0,0,1,0,48,1,0,1,0,0,1,0,0,1,0
11.637,0,0,0,0,0,0,1,0,0,0,0,19,5,0,0,0,0,1,0,1,0,0
41.63,0,0,0,0,0,0,0,0,0,0,0,53.5,5,0,1,0,0,1,0,0,1,0
80.176,0,0,0,0,0,0,0,0,1,0,0,100.024,5,0,1,0,0,1,0,1,0,0
13.144,0,0,0,0,0,1,0,0,0,0,0,22.5,5,0,1,0,0,1,0,0,1,0
41.774,0,0,1,0,0,0,0,0,0,0,0,100.024,5,0,0,0,0,1,0,1,0,0
29.021,0,0,0,0,1,0,0,0,0,0,0,36,5,0,1,0,0,1,0,1,0,0
25.051,1,0,0,0,0,0,0,0,0,0,0,41.974,5,0,1,0,0,1,0,0,1,0
50.423,0,0,0,1,0,0,0,0,0,0,0,100.024,3,0,0,1,0,1,0,1,0,0
53.195,0,0,0,0,0,0,0,0,0,0,1,61.266,3,0,0,1,0,1,0,0,1,0
65.214,0,0,0,0,0,0,0,0,1,0,0,100.024,1,0,1,0,0,1,0,0,1,0
32.211,0,1,0,0,0,0,0,0,0,0,0,56.347,3,0,0,0,0,1,0,0,1,0
9.305,0,0,0,0,0,1,0,0,0,0,0,22.5,3,0,1,0,0,1,0,1,0,0
41.71,0,0,0,0,0,0,0,0,0,0,0,53.5,3,0,1,0,0,1,0,0,1,0
36.64,0,0,0,0,0,0,0,0,0,1,0,48,1,0,0,1,0,1,0,0,1,0
74.036,0,0,1,0,0,0,0,0,0,0,0,100.024,1,0,0,0,0,1,0,1,0,0
40.837,0,0,0,0,0,0,0,0,0,0,0,53.5,1,0,1,0,0,1,0,0,1,0
44.846,0,0,0,1,0,0,0,0,0,0,0,56.347,1,0,1,0,0,1,0,1,0,0
7.243,0,0,0,0,0,1,0,0,0,0,0,10,3,0,0,0,0,1,0,0,1,0
35.479,0,1,0,0,0,0,0,0,0,0,0,56.347,3,0,1,0,0,1,0,0,1,0
52.81,0,0,0,0,0,0,0,0,0,0,1,61.266,1,0,1,0,0,1,0,0,1,0
29.553,0,0,0,0,0,0,0,0,0,1,0,48,1,0,1,0,0,1,0,0,1,0
37.726,0,0,0,0,0,0,0,1,0,0,0,53.5,3,0,1,0,0,1,0,0,1,0
25.195,0,0,0,1,0,0,0,0,0,0,0,56.347,1,0,1,0,0,1,0,0,1,0
28.108,0,0,0,0,1,0,0,0,0,0,0,36,1,0,1,0,0,1,0,0,1,0
31.895,0,0,0,0,0,0,1,0,0,0,0,100.024,4,0,0,0,0,1,0,1,0,0
26.194,0,0,0,0,0,0,0,0,0,1,0,48,4,0,1,0,0,1,0,0,1,0
38.801,0,0,1,0,0,0,0,0,0,0,0,56.347,4,0,1,0,0,1,0,1,0,0
25.623,0,0,0,0,0,0,0,1,0,0,0,53.5,4,0,1,0,0,1,0,0,1,0
24.809,1,0,0,0,0,0,0,0,0,0,0,41.974,3,0,0,1,0,1,0,0,1,0
66.407,0,0,0,0,0,0,1,0,0,0,0,100.024,1,0,1,0,0,1,1,0,0,0
60.199,0,0,0,1,0,0,0,0,0,0,0,100.024,5,0,0,0,0,1,0,0,1,0
16.031,0,0,0,0,0,1,0,0,0,0,0,22.5,5,0,0,0,0,1,0,1,0,0
50.544,0,0,0,0,0,0,0,0,0,0,0,53.5,5,0,1,0,0,1,0,0,1,0
55.593,0,1,0,0,0,0,0,0,0,0,0,100.024,3,0,0,1,0,1,0,1,0,0
56.251,0,0,0,0,0,0,0,0,0,0,1,61.266,1,0,1,0,0,1,0,0,1,0
32.57,0,0,0,0,0,0,0,0,0,1,0,48,5,0,0,0,0,1,0,0,0,1
13.006,0,0,0,0,0,0,1,0,0,0,0,19,5,0,0,0,0,1,0,0,1,0
45.682,0,0,0,1,0,0,0,0,0,0,0,56.347,5,0,1,0,0,1,0,1,0,0
8.741,0,0,0,0,0,1,0,0,0,0,0,22.5,5,0,1,0,0,1,0,0,1,0
24.035,0,0,0,0,1,0,0,0,0,0,0,36,5,0,1,0,0,1,0,1,0,0
38.986,0,0,0,0,0,0,0,0,1,0,0,100.024,3,0,0,1,0,1,0,1,0,0
33.118,0,0,0,0,0,0,0,1,0,0,0,53.5,3,0,0,0,1,1,0,0,1,0
47.735,0,0,0,0,0,0,0,0,0,0,0,53.5,1,0,1,0,0,1,0,0,1,0
41.642,0,0,0,0,0,0,0,0,1,0,0,100.024,5,0,0,0,0,1,0,0,0,1
31.765,0,1,0,0,0,0,0,0,0,0,0,56.347,5,0,0,0,0,1,0,0,0,1
23.833,1,0,0,0,0,0,0,0,0,0,0,41.974,5,0,1,0,0,1,0,0,1,0
53.636,0,0,0,0,1,0,0,0,0,0,0,100.024,3,0,0,1,0,1,0,1,0,0
78.722,0,0,1,0,0,0,0,0,0,0,0,100.024,1,0,1,0,0,1,0,1,0,0
15.157,0,0,0,0,0,0,1,0,0,0,0,19,5,0,0,0,0,1,0,0,1,0
38.369,0,1,0,0,0,0,0,0,0,0,0,100.024,5,0,0,0,0,1,0,1,0,0
54.376,0,0,0,0,0,0,0,0,0,0,1,61.266,5,0,0,0,0,1,0,0,1,0
27.591,0,0,0,0,0,0,0,1,0,0,0,53.5,5,0,1,0,0,1,0,0,1,0
32.911,0,0,0,0,0,0,0,0,0,1,0,48,3,0,0,1,0,1,0,0,1,0
15.759,0,0,0,0,0,1,0,0,0,0,0,22.5,3,0,0,0,1,1,0,0,1,0
42.94,0,0,0,1,0,0,0,0,0,0,0,56.347,5,0,0,0,0,1,0,1,0,0
39.984,0,0,0,0,0,0,0,0,0,0,0,53.5,5,0,1,0,0,1,0,0,1,0
33.577,0,0,1,0,0,0,0,0,0,0,0,100.024,3,0,0,1,0,1,1,0,0,0
32.802,0,1,0,0,0,0,0,0,0,0,0,56.347,3,0,0,1,0,1,1,0,0,0
25.831,1,0,0,0,0,0,0,0,0,0,0,41.974,3,0,0,0,1,1,0,0,1,0
29.568,0,0,0,0,0,0,0,1,0,0,0,53.5,5,0,0,0,0,1,0,0,1,0
22.53,1,0,0,0,0,0,0,0,0,0,0,41.974,5,0,1,0,0,1,0,0,0,1
41.816,0,0,0,1,0,0,0,0,0,0,0,56.347,5,0,1,0,0,1,0,1,0,0
21.664,0,0,0,0,1,0,0,0,0,0,0,36,5,0,1,0,0,1,0,1,0,0
51.039,0,0,0,0,0,0,0,0,1,0,0,100.024,3,0,0,1,0,1,0,1,0,0
54.994,0,0,0,0,0,0,0,0,0,0,1,61.266,3,0,0,1,0,1,0,0,1,0
51.786,0,1,0,0,0,0,0,0,0,0,0,100.024,5,0,0,0,0,1,0,0,1,0
35.608,1,0,0,0,0,0,0,0,0,0,0,41.974,5,0,0,0,0,1,0,0,1,0
48.175,0,0,0,0,0,0,0,0,0,0,0,53.5,5,0,1,0,0,1,0,0,1,0
57.415,0,0,0,0,0,0,0,0,1,0,0,100.024,3,0,0,1,0,1,0,1,0,0
31.331,0,0,0,0,0,0,1,0,0,0,0,56.347,3,0,0,0,1,1,0,1,0,0
85.405,0,0,1,0,0,0,0,0,0,0,0,100.024,1,0,1,0,0,1,0,0,1,0
33.722,0,0,0,0,0,0,0,0,0,1,0,48,5,0,0,0,0,1,0,0,1,0
31.669,0,0,0,0,1,0,0,0,0,0,0,36,5,0,1,0,0,1,0,1,0,0
7.61,0,0,0,0,0,1,0,0,0,0,0,22.5,5,0,1,0,0,1,0,0,1,0
55.859,0,0,0,0,0,0,0,0,0,0,1,61.266,5,0,1,0,0,1,0,0,1,0
76.995,0,0,0,0,0,0,0,0,1,0,0,100.024,3,0,0,1,0,1,0,1,0,0
27.504,0,0,0,0,0,0,0,1,0,0,0,53.5,3,0,0,0,1,1,0,0,1,0
59.216,0,0,0,0,0,0,0,0,0,0,1,61.266,1,1,1,0,0,1,0,0,1,0
93.436,0,0,0,0,1,0,0,0,0,0,0,100.024,1,1,1,0,0,1,0,1,0,0
37.478,1,0,0,0,0,0,0,0,0,0,0,41.974,2,1,1,0,0,1,0,0,1,0
51.813,0,0,0,0,1,0,0,0,0,0,0,100.024,1,1,1,0,0,1,0,0,1,0
30.034,1,0,0,0,0,0,0,0,0,0,0,41.974,1,1,1,0,0,1,0,0,1,0
94.423,0,0,0,0,1,0,0,0,0,0,0,100.024,1,1,1,0,0,1,0,0,0,1
77.828,0,0,1,0,0,0,0,0,0,0,0,100.024,1,1,1,0,0,1,0,1,0,0
100.014,0,0,0,0,0,0,0,0,1,0,0,100.024,1,1,0,0,0,1,0,0,1,0
